language,keywords,C (C99,C# (8.0,C++ (C++98,Go (1.18,Java (SE 17 LTS,JavaScript (6th edition,Kotlin (1.4,PHP (7.4,Python 3 (3.10,R (4.0,Ruby (2.7,Rust (1.46,Scala (2.13
C (C99,"['Bool' 'Complex' 'Imaginary' 'auto' 'break' 'case' 'char' 'const'
 'continue' 'default' 'do' 'double' 'else' 'enum' 'extern' 'float' 'for'
 'goto' 'if' 'inline' 'int' 'long' 'register' 'restrict' 'return' 'short'
 'signed' 'sizeof' 'static' 'struct' 'switch' 'typedef' 'union' 'unsigned'
 'void' 'volatile' 'while']","['Complex', 'Bool', 'Complex', 'inline', 'continue', 'switch', 'int', 'void', 'break', 'double', 'if', 'float', 'if', 'struct', 'typedef', 'double', 'if', 'continue', 'for', 'extern', 'float', 'short', 'signed', 'volatile', 'if', 'long', 'unsigned', 'typedef', 'extern', 'enum', 'return', 'sizeof', 'enum', 'signed', 'unsigned', 'extern', 'for']","['bool', 'abstract', 'implicit', 'explicit', 'continue', 'switch', 'byte', 'var', 'break', 'new', 'try', 'float', 'if', 'struct', 'internal', 'double', 'if', 'continue', 'for', 'extern', 'uint', 'short', 'join', 'readonly', 'throw', 'ushort', 'sealed', 'typeof', 'dynamic', 'enum', 'return', 'sizeof', 'enum', 'uint', 'bool', 'readonly', 'when']","['bool', 'sizeof', 'short', 'inline', 'continue', 'cast', 'wchar', 'void', 'break', 'new', 'try', 'float', 'if', 'struct', 'typedef', 'double', 'if', 'continue', 'for', 'extern', 'float', 'short', 'delete', 'reinterpret', 'throw', 'long', 'unsigned', 'typedef', 'dynamic', 'enum', 'return', 'typename', 'enum', 'signed', 'bool', 'mutable', 'for']","['struct', 'defer', 'import', 'const', 'continue', 'switch', 'chan', 'var', 'break', 'type', 'go', 'const', 'if', 'struct', 'struct', 'const', 'if', 'go', 'for', 'interface', 'const', 'map', 'range', 'defer', 'if', 'switch', 'switch', 'struct', 'const', 'func', 'return', 'struct', 'struct', 'const', 'const', 'const', 'for']","['boolean', 'requires', 'implements', 'double', 'continue', 'switch', 'byte', 'var', 'break', 'new', 'to', 'float', 'if', 'interface', 'static', 'double', 'if', 'continue', 'for', 'void', 'float', 'short', 'record', 'strictfp', 'throw', 'long', 'sealed', 'goto', 'public', 'enum', 'return', 'enum', 'enum', 'void', 'boolean', 'static', 'for']","['false', 'throw', 'implements', 'static', 'continue', 'switch', 'void', 'var', 'break', 'new', 'try', 'void', 'if', 'interface', 'static', 'void', 'if', 'continue', 'for', 'void', 'void', 'void', 'delete', 'delete', 'throw', 'switch', 'switch', 'typeof', 'public', 'enum', 'return', 'typeof', 'enum', 'void', 'const', 'static', 'for']","['false', 'abstract', 'import', 'inline', 'continue', 'catch', 'const', 'var', 'break', 'null', 'try', 'dynamic', 'if', 'interface', 'external', 'const', 'if', 'continue', 'for', 'override', 'in', 'lateinit', 'receiver', 'receiver', 'throw', 'final', 'sealed', 'typeof', 'dynamic', 'enum', 'return', 'typeof', 'enum', 'const', 'const', 'suspend', 'when']","['callable', 'abstract', 'implements', 'static', 'continue', 'switch', 'const', 'var', 'break', 'new', 'die', 'private', 'elseif', 'interface', 'static', 'const', 'if', 'continue', 'for', 'static', 'const', 'list', 'declare', 'declare', 'throw', 'switch', 'switch', 'isset', 'public', 'class', 'return', 'static', 'unset', 'const', 'const', 'static', 'for']","['False', 'False', 'import', 'async', 'continue', 'break', 'class', 'class', 'break', 'def', 'del', 'while', 'elif', 'class', 'global', 'None', 'if', 'continue', 'for', 'async', 'in', 'not', 'return', 'finally', 'if', 'return', 'finally', 'await', 'class', 'class', 'return', 'def', 'raise', 'while', 'class', 'yield', 'for']","['TRUE', 'complex', 'Inf', 'function', 'else', 'break', 'character', 'function', 'break', 'next', 'if', 'integer', 'if', 'integer', 'while', 'integer', 'if', 'break', 'for', 'else', 'in', 'integer', 'repeat', 'complex', 'if', 'real', 'integer', 'NULL', 'function', 'function', 'break', 'while', 'else', 'integer', 'function', 'complex', 'for']","['false', 'elsif', 'FILE', 'self', 'return', 'break', 'class', 'class', 'break', 'def', 'redo', 'do', 'elsif', 'class', 'alias', 'FILE', 'if', 'break', 'for', 'LINE', 'in', 'next', 'return', 'ENCODING', 'if', 'alias', 'elsif', 'yield', 'class', 'class', 'return', 'defined', 'elsif', 'undef', 'class', 'yield', 'when']","['false', 'abstract', 'impl', 'Self', 'continue', 'break', 'const', 'let', 'break', 'override', 'try', 'const', 'if', 'struct', 'static', 'const', 'if', 'continue', 'for', 'extern', 'in', 'final', 'return', 'unsafe', 'if', 'struct', 'crate', 'typeof', 'extern', 'enum', 'return', 'typeof', 'enum', 'unsized', 'const', 'extern', 'for']","['false', 'abstract', 'implicit', 'implicit', 'return', 'catch', 'var', 'var', 'throw', 'def', 'try', 'private', 'if', 'class', 'extends', 'final', 'forSome', 'return', 'for', 'override', 'var', 'new', 'return', 'sealed', 'throw', 'final', 'sealed', 'yield', 'private', 'class', 'return', 'type', 'extends', 'protected', 'null', 'protected', 'for']"
C# (8.0,"['abstract' 'add' 'alias' 'as' 'ascending' 'async' 'await' 'base' 'bool'
 'break' 'by' 'byte' 'case' 'catch' 'char' 'checked' 'class' 'const'
 'continue' 'decimal' 'default' 'delegate' 'descending' 'do' 'double'
 'dynamic' 'else' 'enum' 'equals' 'event' 'explicit' 'extern' 'false'
 'finally' 'fixed' 'float' 'for' 'foreach' 'from' 'get' 'global' 'goto'
 'group' 'if' 'implicit' 'in' 'int' 'interface' 'internal' 'into' 'is'
 'join' 'let' 'lock' 'long' 'nameof' 'namespace' 'new' 'notnull' 'null'
 'object' 'on' 'operator' 'orderby' 'out' 'override' 'params' 'partial'
 'private' 'protected' 'public' 'readonly' 'ref' 'remove' 'return' 'sbyte'
 'sealed' 'select' 'set' 'short' 'sizeof' 'stackalloc' 'static' 'string'
 'struct' 'switch' 'this' 'throw' 'true' 'try' 'typeof' 'uint' 'ulong'
 'unchecked' 'unmanaged' 'unsafe' 'ushort' 'using' 'value' 'var' 'virtual'
 'void' 'volatile' 'when' 'where' 'while' 'yield']","['enum', 'if', 'extern', 'if', 'unsigned', 'enum', 'sizeof', 'default', 'Bool', 'continue', 'for', 'char', 'switch', 'else', 'int', 'signed', 'struct', 'void', 'break', 'float', 'double', 'restrict', 'volatile', 'if', 'float', 'static', 'if', 'struct', 'volatile', 'case', 'extern', 'typedef', 'Bool', 'else', 'float', 'double', 'if', 'for', 'for', 'int', 'static', 'continue', 'case', 'for', 'inline', 'int', 'float', 'enum', 'extern', 'int', 'if', 'union', 'const', 'restrict', 'short', 'sizeof', 'typedef', 'default', 'for', 'void', 'struct', 'for', 'inline', 'goto', 'int', 'inline', 'return', 'restrict', 'static', 'static', 'static', 'volatile', 'return', 'continue', 'if', 'if', 'signed', 'switch', 'int', 'long', 'typedef', 'switch', 'extern', 'char', 'enum', 'return', 'return', 'return', 'Bool', 'while', 'sizeof', 'unsigned', 'long', 'unsigned', 'if', 'volatile', 'short', 'typedef', 'return', 'const', 'void', 'unsigned', 'extern', 'while', 'while', 'for', 'return']","['interface', 'remove', 'abstract', 'is', 'descending', 'await', 'async', 'group', 'uint', 'continue', 'from', 'char', 'switch', 'finally', 'byte', 'unchecked', 'struct', 'var', 'break', 'float', 'new', 'sealed', 'ascending', 'try', 'float', 'static', 'if', 'struct', 'operator', 'object', 'implicit', 'internal', 'true', 'catch', 'float', 'double', 'if', 'for', 'for', 'set', 'group', 'continue', 'global', 'for', 'explicit', 'on', 'uint', 'abstract', 'extern', 'int', 'in', 'continue', 'const', 'decimal', 'short', 'typeof', 'using', 'null', 'for', 'false', 'string', 'in', 'object', 'ascending', 'in', 'protected', 'false', 'internal', 'public', 'private', 'private', 'volatile', 'set', 'add', 'throw', 'in', 'protected', 'switch', 'get', 'ushort', 'typeof', 'string', 'dynamic', 'char', 'enum', 'return', 'new', 'catch', 'false', 'throw', 'sizeof', 'ushort', 'ushort', 'checked', 'in', 'unchecked', 'ulong', 'namespace', 'string', 'const', 'protected', 'bool', 'readonly', 'where', 'when', 'when', 'await']","['virtual', 'new', 'friend', 'asm', 'unsigned', 'enum', 'sizeof', 'bitor', 'void', 'continue', 'for', 'bitand', 'cast', 'throw', 'wchar', 'signed', 'struct', 'void', 'break', 'float', 'new', 'mutable', 'explicit', 'try', 'float', 'static', 'if', 'struct', 'eq', 'eq', 'friend', 'typedef', 'true', 'catch', 'float', 'double', 'if', 'for', 'for', 'new', 'public', 'continue', 'class', 'for', 'explicit', 'int', 'float', 'enum', 'extern', 'int', 'if', 'union', 'const', 'long', 'short', 'sizeof', 'using', 'this', 'for', 'false', 'class', 'or', 'explicit', 'typeid', 'int', 'protected', 'false', 'private', 'public', 'private', 'private', 'mutable', 'not', 'delete', 'throw', 't', 'protected', 'delete', 'new', 'long', 'typedef', 'cast', 'dynamic', 'char', 'enum', 'return', 'new', 'catch', 'false', 'throw', 'sizeof', 'unsigned', 'long', 'unsigned', 'or', 'volatile', 'short', 'namespace', 'class', 'const', 'protected', 'bool', 'mutable', 'while', 'while', 'for', 'return']","['interface', 'if', 'interface', 'if', 'defer', 'defer', 'defer', 'default', 'const', 'continue', 'for', 'interface', 'switch', 'else', 'chan', 'defer', 'type', 'var', 'break', 'defer', 'type', 'defer', 'fallthrough', 'go', 'const', 'default', 'if', 'struct', 'goto', 'case', 'goto', 'struct', 'default', 'else', 'default', 'const', 'if', 'for', 'for', 'for', 'default', 'go', 'type', 'for', 'default', 'if', 'const', 'struct', 'interface', 'goto', 'if', 'continue', 'const', 'switch', 'map', 'goto', 'package', 'default', 'for', 'default', 'interface', 'for', 'interface', 'goto', 'for', 'default', 'return', 'defer', 'import', 'continue', 'import', 'const', 'range', 'continue', 'if', 'if', 'interface', 'switch', 'map', 'switch', 'struct', 'switch', 'const', 'type', 'func', 'return', 'return', 'return', 'return', 'if', 'type', 'const', 'defer', 'defer', 'if', 'goto', 'goto', 'import', 'type', 'const', 'var', 'const', 'const', 'if', 'for', 'for', 'return']","['interface', 'new', 'abstract', 'if', 'sealed', 'abstract', 'yield', 'byte', 'boolean', 'continue', 'with', 'char', 'switch', 'finally', 'byte', 'throws', 'public', 'var', 'break', 'float', 'new', 'sealed', 'sealed', 'to', 'float', 'static', 'if', 'interface', 'extends', 'case', 'implements', 'static', 'boolean', 'final', 'float', 'double', 'if', 'for', 'for', 'new', 'public', 'continue', 'class', 'for', 'abstract', 'int', 'float', 'implements', 'private', 'int', 'if', 'continue', 'const', 'record', 'short', 'yield', 'module', 'this', 'non', 'new', 'instanceof', 'to', 'interface', 'finally', 'to', 'protected', 'exports', 'private', 'public', 'private', 'private', 'volatile', 'transient', 'continue', 'throw', 'to', 'protected', 'switch', 'new', 'long', 'goto', 'switch', 'public', 'boolean', 'enum', 'return', 'new', 'throws', 'boolean', 'throw', 'void', 'int', 'long', 'sealed', 'if', 'volatile', 'short', 'uses', 'var', 'const', 'protected', 'boolean', 'static', 'while', 'while', 'for', 'finally']","['interface', 'new', 'enum', 'in', 'implements', 'await', 'yield', 'default', 'void', 'continue', 'with', 'void', 'switch', 'finally', 'void', 'finally', 'function', 'var', 'break', 'delete', 'new', 'delete', 'finally', 'try', 'void', 'static', 'if', 'interface', 'extends', 'function', 'implements', 'static', 'true', 'catch', 'static', 'void', 'if', 'for', 'for', 'new', 'public', 'continue', 'class', 'for', 'yield', 'if', 'void', 'implements', 'private', 'with', 'in', 'continue', 'const', 'switch', 'void', 'typeof', 'package', 'null', 'with', 'false', 'instanceof', 'in', 'function', 'finally', 'in', 'protected', 'false', 'private', 'public', 'private', 'private', 'protected', 'new', 'delete', 'throw', 'in', 'protected', 'delete', 'new', 'switch', 'typeof', 'switch', 'public', 'class', 'enum', 'return', 'new', 'catch', 'false', 'throw', 'await', 'void', 'await', 'implements', 'in', 'protected', 'await', 'with', 'function', 'const', 'protected', 'const', 'static', 'while', 'while', 'for', 'await']","['interface', 'get', 'abstract', 'is', 'sealed', 'abstract', 'expect', 'file', 'false', 'continue', 'for', 'by', 'catch', 'finally', 'const', 'finally', 'typealias', 'var', 'break', 'dynamic', 'null', 'sealed', 'sealed', 'try', 'dynamic', 'internal', 'if', 'interface', 'expect', 'object', 'override', 'external', 'true', 'final', 'finally', 'const', 'if', 'for', 'for', 'set', 'public', 'continue', 'typealias', 'for', 'abstract', 'infix', 'in', 'abstract', 'external', 'when', 'in', 'continue', 'const', 'sealed', 'lateinit', 'typeof', 'package', 'null', 'for', 'false', 'property', 'in', 'constructor', 'finally', 'in', 'protected', 'param', 'internal', 'public', 'private', 'private', 'protected', 'reified', 'continue', 'throw', 'noinline', 'protected', 'set', 'setparam', 'final', 'typeof', 'field', 'dynamic', 'object', 'enum', 'return', 'true', 'catch', 'false', 'throw', 'typealias', 'const', 'protected', 'sealed', 'in', 'internal', 'typeof', 'import', 'val', 'vararg', 'protected', 'const', 'suspend', 'where', 'when', 'when', 'finally']","['interface', 'new', 'abstract', 'or', 'endforeach', 'abstract', 'yield', 'default', 'const', 'continue', 'from', 'final', 'switch', 'finally', 'const', 'finally', 'function', 'var', 'break', 'declare', 'new', 'callable', 'finally', 'die', 'private', 'static', 'elseif', 'interface', 'extends', 'eval', 'unset', 'static', 'private', 'final', 'static', 'const', 'if', 'endforeach', 'for', 'new', 'public', 'continue', 'global', 'for', 'abstract', 'as', 'const', 'implements', 'private', 'insteadof', 'as', 'continue', 'const', 'switch', 'list', 'elseif', 'class', 'list', 'for', 'new', 'array', 'as', 'function', 'endforeach', 'enddeclare', 'protected', 'return', 'private', 'public', 'private', 'private', 'protected', 'new', 'unset', 'throw', 'or', 'trait', 'switch', 'list', 'switch', 'isset', 'array', 'public', 'array', 'class', 'return', 'new', 'catch', 'new', 'throw', 'isset', 'const', 'foreach', 'unset', 'unset', 'unset', 'foreach', 'use', 'function', 'const', 'protected', 'const', 'static', 'while', 'while', 'for', 'finally']","['async', 'if', 'except', 'is', 'async', 'await', 'async', 'break', 'False', 'continue', 'from', 'await', 'break', 'finally', 'class', 'finally', 'def', 'class', 'break', 'del', 'def', 'del', 'finally', 'del', 'while', 'global', 'elif', 'class', 'except', 'async', 'yield', 'global', 'False', 'except', 'finally', 'None', 'if', 'for', 'for', 'is', 'yield', 'continue', 'global', 'for', 'yield', 'is', 'in', 'class', 'global', 'with', 'in', 'continue', 'if', 'match', 'not', 'yield', 'class', 'not', 'nonlocal', 'None', 'class', 'in', 'lambda', 'finally', 'in', 'async', 'return', 'lambda', 'import', 'finally', 'import', 'finally', 'def', 'del', 'if', 'in', 'finally', 'match', 'def', 'return', 'await', 'break', 'class', 'class', 'class', 'return', 'return', 'raise', 'True', 'while', 'await', 'await', 'await', 'continue', 'in', 'async', 'await', 'with', 'class', 'if', 'global', 'class', 'yield', 'while', 'while', 'for', 'await']","['complex', 'if', 'integer', 'in', 'integer', 'function', 'else', 'break', 'FALSE', 'else', 'for', 'integer', 'break', 'else', 'character', 'TRUE', 'function', 'function', 'break', 'integer', 'next', 'integer', 'FALSE', 'if', 'integer', 'complex', 'if', 'integer', 'NaN', 'function', 'FALSE', 'while', 'FALSE', 'else', 'FALSE', 'integer', 'if', 'for', 'for', 'for', 'function', 'break', 'break', 'for', 'integer', 'if', 'in', 'function', 'integer', 'in', 'in', 'repeat', 'if', 'repeat', 'integer', 'FALSE', 'function', 'next', 'for', 'NULL', 'integer', 'in', 'function', 'FALSE', 'in', 'else', 'function', 'FALSE', 'function', 'else', 'function', 'integer', 'real', 'repeat', 'if', 'in', 'FALSE', 'repeat', 'function', 'real', 'NULL', 'break', 'function', 'integer', 'function', 'break', 'for', 'break', 'TRUE', 'while', 'NaN', 'integer', 'integer', 'FALSE', 'in', 'complex', 'integer', 'while', 'function', 'function', 'real', 'function', 'complex', 'while', 'while', 'for', 'break']","['alias', 'end', 'until', 'in', 'elsif', 'def', 'yield', 'break', 'false', 'return', 'for', 'FILE', 'break', 'else', 'class', 'defined', 'def', 'class', 'break', 'redo', 'def', 'alias', 'elsif', 'redo', 'do', 'elsif', 'elsif', 'class', 'elsif', 'case', 'elsif', 'alias', 'true', 'else', 'false', 'FILE', 'if', 'for', 'for', 'for', 'module', 'break', 'class', 'for', 'undef', 'and', 'in', 'module', 'when', 'until', 'in', 'yield', 'if', 'do', 'next', 'yield', 'module', 'true', 'for', 'nil', 'class', 'in', 'until', 'elsif', 'in', 'elsif', 'false', 'begin', 'false', 'elsif', 'class', 'redo', 'rescue', 'ensure', 'if', 'in', 'elsif', 'then', 'self', 'alias', 'yield', 'break', 'class', 'class', 'class', 'return', 'true', 'return', 'false', 'retry', 'yield', 'nil', 'until', 'undef', 'in', 'undef', 'elsif', 'while', 'class', 'if', 'elsif', 'class', 'yield', 'while', 'when', 'when', 'return']","['virtual', 'use', 'abstract', 'in', 'unsafe', 'await', 'async', 'box', 'false', 'continue', 'for', 'virtual', 'break', 'else', 'const', 'unsafe', 'type', 'let', 'break', 'virtual', 'override', 'abstract', 'dyn', 'try', 'const', 'dyn', 'if', 'struct', 'false', 'async', 'override', 'static', 'true', 'final', 'static', 'const', 'if', 'for', 'for', 'for', 'static', 'continue', 'type', 'for', 'impl', 'as', 'in', 'abstract', 'extern', 'become', 'in', 'union', 'const', 'loop', 'final', 'typeof', 'enum', 'true', 'for', 'false', 'override', 'in', 'virtual', 'override', 'in', 'virtual', 'false', 'virtual', 'priv', 'priv', 'pub', 'override', 'mod', 'move', 'if', 'in', 'trait', 'match', 'type', 'struct', 'typeof', 'box', 'extern', 'type', 'enum', 'return', 'true', 'return', 'false', 'while', 'await', 'const', 'await', 'unsafe', 'unsized', 'unsized', 'await', 'use', 'type', 'const', 'abstract', 'const', 'extern', 'where', 'while', 'for', 'await']","['protected', 'new', 'abstract', 'if', 'sealed', 'abstract', 'yield', 'object', 'false', 'return', 'with', 'final', 'catch', 'finally', 'var', 'finally', 'def', 'var', 'throw', 'sealed', 'def', 'sealed', 'sealed', 'try', 'private', 'implicit', 'if', 'class', 'extends', 'object', 'implicit', 'extends', 'true', 'final', 'finally', 'final', 'forSome', 'for', 'for', 'new', 'macro', 'return', 'type', 'for', 'abstract', 'if', 'var', 'abstract', 'private', 'with', 'if', 'match', 'var', 'match', 'new', 'yield', 'package', 'null', 'with', 'false', 'class', 'for', 'object', 'finally', 'new', 'protected', 'false', 'private', 'protected', 'private', 'private', 'protected', 'def', 'match', 'throw', 'if', 'trait', 'match', 'type', 'final', 'yield', 'yield', 'private', 'object', 'class', 'return', 'new', 'catch', 'false', 'throw', 'extends', 'true', 'implicit', 'sealed', 'if', 'override', 'implicit', 'with', 'val', 'val', 'protected', 'null', 'protected', 'while', 'while', 'for', 'finally']"
C++ (C++98,"['and' 'asm' 'auto' 'bitand' 'bitor' 'bool' 'break' 'case' 'cast' 'catch'
 'char' 'class' 'compl' 'const' 'continue' 'default' 'delete' 'do'
 'double' 'dynamic' 'else' 'enum' 'eq' 'explicit' 'export' 'extern'
 'false' 'float' 'for' 'friend' 'goto' 'if' 'inline' 'int' 'long'
 'mutable' 'namespace' 'new' 'not' 'operator' 'or' 'private' 'protected'
 'public' 'register' 'reinterpret' 'return' 'short' 'signed' 'sizeof'
 'static' 'struct' 'switch' 't' 'template' 'this' 'throw' 'true' 'try'
 'typedef' 'typeid' 'typename' 'union' 'unsigned' 'using' 'virtual' 'void'
 'volatile' 'wchar' 'while' 'xor']","['for', 'enum', 'inline', 'Bool', 'int', 'Bool', 'continue', 'switch', 'case', 'else', 'int', 'struct', 'for', 'void', 'break', 'double', 'continue', 'if', 'float', 'static', 'if', 'struct', 'else', 'extern', 'extern', 'typedef', 'Bool', 'double', 'if', 'union', 'continue', 'for', 'extern', 'float', 'short', 'volatile', 'typedef', 'default', 'for', 'inline', 'for', 'static', 'static', 'static', 'signed', 'sizeof', 'if', 'long', 'unsigned', 'typedef', 'extern', 'enum', 'return', 'int', 'inline', 'return', 'return', 'Bool', 'while', 'sizeof', 'sizeof', 'typedef', 'enum', 'signed', 'typedef', 'void', 'unsigned', 'extern', 'char', 'for', 'union']","['for', 'as', 'explicit', 'byte', 'sbyte', 'uint', 'continue', 'switch', 'case', 'finally', 'byte', 'struct', 'get', 'var', 'break', 'new', 'remove', 'try', 'float', 'static', 'if', 'struct', 'equals', 'implicit', 'extern', 'internal', 'true', 'double', 'if', 'explicit', 'continue', 'for', 'extern', 'uint', 'short', 'readonly', 'using', 'null', 'for', 'object', 'as', 'public', 'private', 'private', 'join', 'sizeof', 'throw', 'ushort', 'sealed', 'typeof', 'dynamic', 'enum', 'return', 'sbyte', 'namespace', 'new', 'catch', 'false', 'throw', 'sizeof', 'sizeof', 'typeof', 'enum', 'uint', 'namespace', 'protected', 'bool', 'readonly', 'char', 'when', 'nameof']","['or', 'enum', 'inline', 'bitor', 't', 'void', 'continue', 'cast', 'case', 'throw', 'wchar', 'struct', 'not', 'void', 'break', 'new', 'continue', 'try', 'float', 'static', 'if', 'struct', 'xor', 'friend', 'extern', 'typedef', 'true', 'double', 'if', 'explicit', 'continue', 'for', 'extern', 'float', 'short', 'volatile', 'using', 'this', 'for', 'explicit', 'and', 'public', 'private', 'private', 'delete', 'sizeof', 'throw', 'long', 'unsigned', 'typedef', 'dynamic', 'enum', 'return', 'bitor', 'typename', 'new', 'catch', 'false', 'throw', 'typename', 'typename', 'typeid', 'enum', 'signed', 'namespace', 'protected', 'bool', 'mutable', 'char', 'for', 'typeid']","['for', 'goto', 'const', 'chan', 'if', 'const', 'continue', 'switch', 'case', 'else', 'chan', 'type', 'for', 'var', 'break', 'type', 'select', 'go', 'const', 'default', 'if', 'struct', 'else', 'goto', 'import', 'struct', 'default', 'const', 'if', 'fallthrough', 'go', 'for', 'interface', 'const', 'map', 'defer', 'package', 'default', 'for', 'interface', 'for', 'import', 'continue', 'import', 'range', 'continue', 'if', 'switch', 'switch', 'struct', 'const', 'func', 'return', 'type', 'type', 'return', 'return', 'return', 'if', 'struct', 'type', 'type', 'struct', 'const', 'import', 'var', 'const', 'const', 'goto', 'for', 'goto']","['with', 'enum', 'double', 'byte', 'synchronized', 'boolean', 'continue', 'switch', 'case', 'finally', 'byte', 'public', 'provides', 'var', 'break', 'new', 'continue', 'to', 'float', 'static', 'if', 'interface', 'else', 'implements', 'exports', 'static', 'boolean', 'double', 'if', 'protected', 'continue', 'for', 'void', 'float', 'short', 'volatile', 'module', 'this', 'non', 'interface', 'for', 'public', 'private', 'private', 'record', 'static', 'throw', 'long', 'sealed', 'goto', 'public', 'enum', 'return', 'synchronized', 'static', 'new', 'throws', 'boolean', 'throw', 'enum', 'requires', 'volatile', 'enum', 'void', 'uses', 'protected', 'boolean', 'static', 'char', 'for', 'throw']","['with', 'enum', 'static', 'case', 'in', 'void', 'continue', 'switch', 'case', 'finally', 'void', 'function', 'in', 'var', 'break', 'new', 'continue', 'try', 'void', 'static', 'if', 'interface', 'await', 'implements', 'import', 'static', 'true', 'void', 'if', 'protected', 'continue', 'for', 'void', 'void', 'void', 'private', 'package', 'null', 'with', 'function', 'for', 'public', 'private', 'private', 'delete', 'static', 'throw', 'switch', 'switch', 'typeof', 'public', 'enum', 'return', 'in', 'static', 'new', 'catch', 'false', 'throw', 'typeof', 'typeof', 'typeof', 'enum', 'void', 'with', 'protected', 'const', 'static', 'yield', 'for', 'throw']","['for', 'as', 'inline', 'by', 'noinline', 'false', 'continue', 'catch', 'catch', 'finally', 'const', 'typealias', 'get', 'var', 'break', 'null', 'continue', 'try', 'dynamic', 'internal', 'if', 'interface', 'expect', 'override', 'import', 'external', 'true', 'const', 'if', 'protected', 'continue', 'for', 'override', 'in', 'lateinit', 'sealed', 'package', 'null', 'for', 'constructor', 'as', 'public', 'private', 'private', 'receiver', 'dynamic', 'throw', 'final', 'sealed', 'typeof', 'dynamic', 'enum', 'return', 'noinline', 'inline', 'true', 'catch', 'false', 'throw', 'typeof', 'typealias', 'typeof', 'enum', 'const', 'import', 'protected', 'const', 'suspend', 'suspend', 'when', 'suspend']","['or', 'as', 'static', 'xor', 'as', 'const', 'continue', 'switch', 'case', 'finally', 'const', 'function', 'for', 'var', 'break', 'new', 'unset', 'die', 'private', 'static', 'elseif', 'interface', 'eval', 'unset', 'exit', 'static', 'private', 'const', 'if', 'protected', 'continue', 'for', 'static', 'const', 'list', 'callable', 'class', 'list', 'for', 'function', 'and', 'public', 'private', 'private', 'declare', 'static', 'throw', 'switch', 'switch', 'isset', 'public', 'class', 'return', 'or', 'namespace', 'new', 'catch', 'new', 'throw', 'static', 'trait', 'trait', 'unset', 'const', 'use', 'protected', 'const', 'static', 'elseif', 'for', 'elseif']","['or', 'as', 'async', 'pass', 'in', 'False', 'continue', 'break', 'case', 'finally', 'class', 'def', 'not', 'class', 'break', 'def', 'del', 'del', 'while', 'global', 'elif', 'class', 'elif', 'yield', 'import', 'global', 'False', 'None', 'if', 'yield', 'continue', 'for', 'async', 'in', 'not', 'finally', 'class', 'not', 'nonlocal', 'lambda', 'and', 'import', 'finally', 'import', 'return', 'yield', 'if', 'return', 'finally', 'await', 'class', 'class', 'return', 'in', 'class', 'return', 'raise', 'True', 'while', 'def', 'yield', 'lambda', 'raise', 'while', 'with', 'global', 'class', 'yield', 'yield', 'for', 'or']","['for', 'break', 'function', 'break', 'in', 'FALSE', 'else', 'break', 'break', 'else', 'character', 'function', 'complex', 'function', 'break', 'next', 'repeat', 'if', 'integer', 'complex', 'if', 'integer', 'else', 'FALSE', 'function', 'while', 'FALSE', 'integer', 'if', 'FALSE', 'break', 'for', 'else', 'in', 'integer', 'integer', 'function', 'next', 'for', 'function', 'for', 'function', 'else', 'function', 'repeat', 'NULL', 'if', 'real', 'integer', 'NULL', 'function', 'function', 'break', 'in', 'repeat', 'for', 'break', 'TRUE', 'while', 'while', 'repeat', 'TRUE', 'else', 'integer', 'while', 'real', 'function', 'complex', 'character', 'for', 'FALSE']","['or', 'break', 'self', 'begin', 'in', 'false', 'return', 'break', 'case', 'else', 'class', 'def', 'not', 'class', 'break', 'def', 'do', 'redo', 'do', 'elsif', 'elsif', 'class', 'elsif', 'elsif', 'module', 'alias', 'true', 'FILE', 'if', 'alias', 'break', 'for', 'LINE', 'in', 'next', 'retry', 'module', 'true', 'for', 'until', 'and', 'false', 'elsif', 'class', 'return', 'elsif', 'if', 'alias', 'elsif', 'yield', 'class', 'class', 'return', 'in', 'module', 'true', 'return', 'false', 'retry', 'defined', 'elsif', 'elsif', 'elsif', 'undef', 'while', 'elsif', 'class', 'yield', 'elsif', 'when', 'redo']","['for', 'as', 'Self', 'box', 'in', 'false', 'continue', 'break', 'crate', 'else', 'const', 'type', 'mod', 'let', 'break', 'override', 'move', 'try', 'const', 'dyn', 'if', 'struct', 'dyn', 'override', 'extern', 'static', 'true', 'const', 'if', 'virtual', 'continue', 'for', 'extern', 'in', 'final', 'mut', 'enum', 'true', 'for', 'virtual', 'as', 'priv', 'priv', 'pub', 'return', 'static', 'if', 'struct', 'crate', 'typeof', 'extern', 'enum', 'return', 'type', 'type', 'true', 'return', 'false', 'while', 'typeof', 'type', 'typeof', 'enum', 'unsized', 'use', 'abstract', 'const', 'extern', 'crate', 'for', 'union']","['with', 'macro', 'implicit', 'case', 'if', 'false', 'return', 'catch', 'case', 'finally', 'var', 'def', 'def', 'var', 'throw', 'def', 'throw', 'try', 'private', 'implicit', 'if', 'class', 'else', 'implicit', 'import', 'extends', 'true', 'final', 'forSome', 'protected', 'return', 'for', 'override', 'var', 'new', 'sealed', 'package', 'null', 'with', 'object', 'for', 'protected', 'private', 'private', 'return', 'implicit', 'throw', 'final', 'sealed', 'yield', 'private', 'class', 'return', 'type', 'type', 'new', 'catch', 'false', 'throw', 'type', 'type', 'type', 'extends', 'protected', 'with', 'protected', 'null', 'protected', 'sealed', 'for', 'throw']"
Go (1.18,"['break' 'case' 'chan' 'const' 'continue' 'default' 'defer' 'else'
 'fallthrough' 'for' 'func' 'go' 'goto' 'if' 'import' 'interface' 'map'
 'package' 'range' 'return' 'select' 'struct' 'switch' 'type' 'var']","['continue', 'switch', 'char', 'void', 'break', 'double', 'restrict', 'if', 'break', 'if', 'struct', 'goto', 'continue', 'for', 'for', 'enum', 'long', 'static', 'register', 'if', 'switch', 'enum', 'return', 'typedef', 'const']","['continue', 'switch', 'char', 'var', 'break', 'new', 'async', 'if', 'descending', 'if', 'struct', 'goto', 'continue', 'for', 'from', 'abstract', 'set', 'public', 'remove', 'throw', 'switch', 'enum', 'return', 'class', 'const']","['continue', 'cast', 'char', 'void', 'break', 'new', 'typename', 'if', 'break', 'if', 'struct', 'goto', 'continue', 'for', 'export', 'enum', 'new', 'public', 'register', 'throw', 'delete', 'enum', 'return', 'typeid', 'const']","['continue', 'switch', 'func', 'var', 'break', 'type', 'func', 'if', 'break', 'if', 'struct', 'goto', 'go', 'for', 'for', 'struct', 'type', 'import', 'type', 'if', 'switch', 'func', 'return', 'range', 'const']","['continue', 'switch', 'char', 'var', 'break', 'new', 'finally', 'if', 'break', 'if', 'var', 'goto', 'continue', 'for', 'for', 'implements', 'to', 'import', 'record', 'throw', 'switch', 'enum', 'return', 'class', 'const']","['continue', 'switch', 'yield', 'var', 'break', 'new', 'await', 'if', 'break', 'if', 'function', 'do', 'continue', 'for', 'export', 'implements', 'new', 'import', 'return', 'throw', 'delete', 'enum', 'return', 'class', 'const']","['continue', 'catch', 'sealed', 'var', 'break', 'null', 'delegate', 'if', 'break', 'if', 'fun', 'do', 'continue', 'for', 'for', 'abstract', 'set', 'import', 'typealias', 'throw', 'set', 'enum', 'return', 'class', 'vararg']","['continue', 'switch', 'trait', 'var', 'break', 'new', 'finally', 'elseif', 'break', 'if', 'function', 'goto', 'continue', 'for', 'from', 'implements', 'list', 'public', 'list', 'throw', 'switch', 'class', 'return', 'class', 'const']","['continue', 'break', 'yield', 'class', 'break', 'def', 'def', 'elif', 'break', 'if', 'lambda', 'pass', 'continue', 'for', 'from', 'class', 'match', 'import', 'lambda', 'if', 'match', 'class', 'return', 'class', 'if']","['else', 'break', 'character', 'function', 'break', 'next', 'complex', 'if', 'break', 'if', 'function', 'break', 'break', 'for', 'for', 'function', 'if', 'function', 'repeat', 'if', 'repeat', 'function', 'break', 'function', 'function']","['return', 'break', 'yield', 'class', 'break', 'def', 'def', 'elsif', 'break', 'if', 'def', 'do', 'break', 'for', 'for', 'module', 'not', 'module', 'retry', 'if', 'then', 'class', 'return', 'class', 'if']","['continue', 'break', 'crate', 'let', 'break', 'override', 'async', 'if', 'break', 'if', 'fn', 'do', 'continue', 'for', 'for', 'abstract', 'mod', 'pub', 'type', 'if', 'match', 'enum', 'return', 'typeof', 'const']","['return', 'catch', 'sealed', 'var', 'throw', 'def', 'def', 'if', 'catch', 'forSome', 'var', 'do', 'return', 'for', 'for', 'abstract', 'match', 'import', 'type', 'throw', 'match', 'class', 'return', 'class', 'val']"
Java (SE 17 LTS,"['abstract' 'assert' 'boolean' 'break' 'byte' 'case' 'catch' 'char'
 'class' 'const' 'continue' 'default' 'do' 'double' 'else' 'enum'
 'exports' 'extends' 'final' 'finally' 'float' 'for' 'goto' 'if'
 'implements' 'import' 'instanceof' 'int' 'interface' 'long' 'module'
 'native' 'new' 'non' 'open' 'opens' 'package' 'permits' 'private'
 'protected' 'provides' 'public' 'record' 'requires' 'return' 'sealed'
 'short' 'static' 'strictfp' 'super' 'switch' 'synchronized' 'this'
 'throw' 'throws' 'to' 'transient' 'transitive' 'try' 'uses' 'var' 'void'
 'volatile' 'while' 'with' 'yield']","['enum', 'while', 'Bool', 'continue', 'char', 'switch', 'else', 'int', 'struct', 'void', 'break', 'double', 'if', 'float', 'if', 'struct', 'extern', 'continue', 'static', 'else', 'double', 'if', 'continue', 'for', 'volatile', 'for', 'case', 'float', 'enum', 'short', 'return', 'default', 'default', 'do', 'int', 'extern', 'static', 'restrict', 'static', 'static', 'for', 'static', 'register', 'restrict', 'if', 'signed', 'long', 'extern', 'restrict', 'switch', 'return', 'if', 'return', 'return', 'return', 'for', 'short', 'short', 'while', 'typedef', 'const', 'unsigned', 'extern', 'for', 'for', 'return']","['interface', 'throw', 'bool', 'continue', 'char', 'switch', 'finally', 'byte', 'struct', 'var', 'break', 'new', 'try', 'float', 'if', 'struct', 'extern', 'equals', 'finally', 'catch', 'double', 'if', 'continue', 'for', 'interface', 'from', 'object', 'uint', 'abstract', 'short', 'namespace', 'internal', 'null', 'notnull', 'public', 'readonly', 'public', 'sealed', 'public', 'private', 'by', 'private', 'lock', 'equals', 'throw', 'protected', 'ushort', 'dynamic', 'explicit', 'override', 'return', 'in', 'new', 'catch', 'throw', 'for', 'short', 'short', 'throw', 'using', 'const', 'bool', 'readonly', 'when', 'for', 'await']","['virtual', 'throw', 'bool', 'continue', 'bitand', 'cast', 'throw', 'wchar', 'struct', 'void', 'break', 'new', 'try', 'float', 'if', 'struct', 'export', 'protected', 'public', 'catch', 'double', 'if', 'continue', 'for', 'explicit', 'export', 'case', 'float', 'enum', 'short', 'namespace', 'wchar', 'this', 'not', 'public', 'operator', 'public', 'mutable', 'public', 'private', 'compl', 'private', 'register', 'typeid', 'throw', 'protected', 'long', 'dynamic', 'explicit', 'switch', 'return', 't', 'new', 'catch', 'throw', 't', 'short', 'short', 'throw', 'using', 'const', 'bool', 'mutable', 'for', 'for', 'return']","['interface', 'if', 'switch', 'continue', 'interface', 'switch', 'else', 'chan', 'type', 'var', 'break', 'type', 'go', 'const', 'if', 'struct', 'const', 'continue', 'return', 'else', 'const', 'if', 'go', 'for', 'interface', 'for', 'case', 'const', 'struct', 'map', 'package', 'default', 'default', 'default', 'select', 'switch', 'import', 'defer', 'import', 'continue', 'go', 'import', 'range', 'defer', 'if', 'interface', 'switch', 'const', 'defer', 'switch', 'return', 'if', 'return', 'return', 'return', 'for', 'select', 'select', 'if', 'return', 'const', 'const', 'const', 'for', 'for', 'return']","['interface', 'throw', 'byte', 'continue', 'char', 'switch', 'finally', 'byte', 'public', 'var', 'break', 'new', 'to', 'float', 'if', 'interface', 'module', 'implements', 'finally', 'final', 'double', 'if', 'continue', 'for', 'extends', 'for', 'case', 'float', 'implements', 'short', 'exports', 'default', 'this', 'new', 'opens', 'open', 'import', 'sealed', 'public', 'private', 'transient', 'private', 'sealed', 'uses', 'throw', 'protected', 'long', 'public', 'sealed', 'extends', 'return', 'to', 'new', 'throws', 'throw', 'for', 'transitive', 'transitive', 'throw', 'requires', 'const', 'boolean', 'static', 'for', 'for', 'finally']","['interface', 'throw', 'void', 'continue', 'void', 'switch', 'finally', 'void', 'function', 'var', 'break', 'new', 'try', 'void', 'if', 'interface', 'export', 'implements', 'finally', 'catch', 'void', 'if', 'continue', 'for', 'extends', 'export', 'case', 'void', 'implements', 'void', 'package', 'default', 'null', 'new', 'public', 'extends', 'import', 'yield', 'public', 'private', 'in', 'private', 'delete', 'implements', 'throw', 'protected', 'switch', 'public', 'extends', 'extends', 'return', 'in', 'new', 'catch', 'throw', 'for', 'switch', 'switch', 'throw', 'implements', 'const', 'const', 'static', 'for', 'for', 'await']","['interface', 'expect', 'false', 'continue', 'by', 'catch', 'finally', 'const', 'typealias', 'var', 'break', 'null', 'try', 'dynamic', 'if', 'interface', 'constructor', 'override', 'finally', 'final', 'const', 'if', 'continue', 'for', 'interface', 'for', 'object', 'in', 'abstract', 'lateinit', 'package', 'internal', 'null', 'noinline', 'public', 'open', 'import', 'sealed', 'public', 'private', 'companion', 'private', 'receiver', 'suspend', 'throw', 'protected', 'final', 'dynamic', 'sealed', 'override', 'return', 'noinline', 'true', 'catch', 'throw', 'for', 'crossinline', 'crossinline', 'throw', 'internal', 'vararg', 'const', 'suspend', 'when', 'for', 'finally']","['interface', 'print', 'final', 'continue', 'final', 'switch', 'finally', 'const', 'function', 'var', 'break', 'new', 'die', 'private', 'elseif', 'interface', 'function', 'implements', 'finally', 'final', 'const', 'if', 'continue', 'for', 'extends', 'from', 'case', 'const', 'implements', 'list', 'function', 'default', 'list', 'new', 'public', 'extends', 'public', 'yield', 'public', 'private', 'or', 'private', 'abstract', 'require', 'throw', 'trait', 'switch', 'public', 'extends', 'extends', 'return', 'or', 'new', 'catch', 'throw', 'for', 'trait', 'trait', 'throw', 'use', 'const', 'const', 'static', 'for', 'for', 'finally']","['async', 'raise', 'False', 'continue', 'await', 'break', 'finally', 'class', 'def', 'class', 'break', 'def', 'del', 'while', 'elif', 'class', 'global', 'continue', 'finally', 'except', 'None', 'if', 'continue', 'for', 'finally', 'from', 'case', 'in', 'class', 'not', 'class', 'finally', 'not', 'not', 'import', 'finally', 'import', 'yield', 'import', 'finally', 'in', 'import', 'match', 'finally', 'if', 'finally', 'return', 'class', 'async', 'del', 'return', 'in', 'return', 'raise', 'raise', 'for', 'not', 'not', 'while', 'raise', 'if', 'class', 'yield', 'for', 'for', 'await']","['complex', 'while', 'integer', 'else', 'integer', 'break', 'else', 'character', 'function', 'function', 'break', 'next', 'if', 'integer', 'if', 'integer', 'function', 'else', 'real', 'else', 'integer', 'if', 'break', 'for', 'FALSE', 'for', 'integer', 'in', 'function', 'integer', 'function', 'next', 'next', 'next', 'next', 'integer', 'function', 'repeat', 'function', 'else', 'in', 'function', 'repeat', 'repeat', 'if', 'FALSE', 'real', 'function', 'complex', 'next', 'break', 'in', 'for', 'break', 'while', 'for', 'real', 'real', 'while', 'while', 'function', 'function', 'complex', 'for', 'for', 'break']","['alias', 'ensure', 'false', 'return', 'FILE', 'break', 'else', 'class', 'def', 'class', 'break', 'def', 'redo', 'do', 'elsif', 'class', 'module', 'elsif', 'return', 'else', 'FILE', 'if', 'break', 'for', 'elsif', 'for', 'case', 'in', 'module', 'next', 'class', 'next', 'true', 'not', 'begin', 'unless', 'module', 'yield', 'false', 'elsif', 'in', 'class', 'redo', 'unless', 'if', 'elsif', 'alias', 'class', 'ensure', 'self', 'return', 'in', 'true', 'return', 'return', 'for', 'rescue', 'rescue', 'retry', 'elsif', 'if', 'class', 'yield', 'when', 'for', 'return']","['virtual', 'while', 'false', 'continue', 'virtual', 'break', 'else', 'const', 'type', 'let', 'break', 'override', 'try', 'const', 'if', 'struct', 'extern', 'override', 'static', 'final', 'const', 'if', 'continue', 'for', 'impl', 'for', 'override', 'in', 'abstract', 'final', 'mod', 'unsafe', 'true', 'do', 'use', 'unsized', 'pub', 'priv', 'priv', 'priv', 'mod', 'pub', 'macro', 'trait', 'if', 'trait', 'struct', 'extern', 'unsafe', 'crate', 'return', 'in', 'true', 'return', 'return', 'for', 'mod', 'mod', 'while', 'use', 'const', 'const', 'extern', 'for', 'for', 'await']","['protected', 'throw', 'false', 'return', 'final', 'catch', 'finally', 'var', 'def', 'var', 'throw', 'def', 'try', 'private', 'if', 'class', 'yield', 'override', 'finally', 'final', 'final', 'forSome', 'return', 'for', 'extends', 'for', 'object', 'var', 'abstract', 'new', 'package', 'finally', 'null', 'new', 'object', 'extends', 'import', 'sealed', 'protected', 'private', 'for', 'private', 'macro', 'extends', 'throw', 'trait', 'final', 'private', 'sealed', 'override', 'return', 'if', 'new', 'catch', 'throw', 'for', 'trait', 'trait', 'throw', 'extends', 'val', 'null', 'protected', 'for', 'for', 'finally']"
JavaScript (6th edition,"['await' 'break' 'case' 'catch' 'class' 'const' 'continue' 'debugger'
 'default' 'delete' 'do' 'else' 'enum' 'export' 'extends' 'false'
 'finally' 'for' 'function' 'if' 'implements' 'import' 'in' 'instanceof'
 'interface' 'let' 'new' 'null' 'package' 'private' 'protected' 'public'
 'return' 'static' 'super' 'switch' 'this' 'throw' 'true' 'try' 'typeof'
 'var' 'void' 'while' 'with' 'yield']","['sizeof', 'continue', 'switch', 'else', 'struct', 'void', 'break', 'default', 'double', 'continue', 'if', 'if', 'struct', 'extern', 'continue', 'Bool', 'else', 'if', 'const', 'for', 'volatile', 'for', 'int', 'case', 'enum', 'const', 'default', 'void', 'static', 'static', 'static', 'static', 'if', 'extern', 'switch', 'return', 'return', 'return', 'Bool', 'while', 'sizeof', 'const', 'unsigned', 'for', 'for', 'return']","['async', 'continue', 'switch', 'finally', 'struct', 'var', 'break', 'decimal', 'new', 'remove', 'try', 'if', 'struct', 'extern', 'equals', 'true', 'catch', 'if', 'const', 'for', 'interface', 'from', 'on', 'object', 'abstract', 'const', 'null', 'false', 'public', 'public', 'private', 'private', 'throw', 'dynamic', 'override', 'return', 'new', 'catch', 'false', 'throw', 'sizeof', 'const', 'bool', 'when', 'for', 'await']","['sizeof', 'continue', 'cast', 'throw', 'struct', 'void', 'break', 'delete', 'new', 'continue', 'try', 'if', 'struct', 'extern', 'protected', 'true', 'catch', 'if', 'const', 'for', 'explicit', 'export', 'int', 'case', 'enum', 'const', 'this', 'false', 'public', 'public', 'private', 'private', 'throw', 'dynamic', 'switch', 'return', 'new', 'catch', 'false', 'throw', 'sizeof', 'const', 'bool', 'for', 'for', 'return']","['defer', 'continue', 'switch', 'else', 'type', 'var', 'break', 'defer', 'type', 'select', 'go', 'if', 'struct', 'import', 'continue', 'default', 'else', 'if', 'func', 'for', 'interface', 'for', 'if', 'case', 'struct', 'const', 'default', 'default', 'import', 'import', 'continue', 'import', 'if', 'const', 'switch', 'return', 'return', 'return', 'return', 'if', 'type', 'const', 'const', 'for', 'for', 'return']","['yield', 'continue', 'switch', 'finally', 'public', 'var', 'break', 'assert', 'new', 'continue', 'to', 'if', 'interface', 'exports', 'implements', 'boolean', 'final', 'if', 'const', 'for', 'extends', 'for', 'int', 'case', 'implements', 'const', 'this', 'new', 'import', 'public', 'private', 'private', 'throw', 'public', 'extends', 'return', 'new', 'throws', 'boolean', 'throw', 'void', 'const', 'boolean', 'for', 'for', 'finally']","['yield', 'continue', 'switch', 'finally', 'function', 'var', 'break', 'delete', 'new', 'continue', 'try', 'if', 'interface', 'import', 'implements', 'true', 'catch', 'if', 'const', 'for', 'extends', 'export', 'if', 'case', 'implements', 'const', 'null', 'false', 'import', 'public', 'private', 'private', 'throw', 'public', 'extends', 'return', 'new', 'catch', 'false', 'throw', 'await', 'const', 'const', 'for', 'for', 'await']","['expect', 'continue', 'catch', 'finally', 'typealias', 'var', 'break', 'dynamic', 'null', 'continue', 'try', 'if', 'interface', 'import', 'override', 'true', 'final', 'if', 'fun', 'for', 'interface', 'for', 'infix', 'object', 'abstract', 'const', 'null', 'false', 'import', 'public', 'private', 'private', 'throw', 'dynamic', 'override', 'return', 'true', 'catch', 'false', 'throw', 'typealias', 'vararg', 'const', 'when', 'for', 'finally']","['yield', 'continue', 'switch', 'finally', 'function', 'var', 'break', 'die', 'new', 'unset', 'die', 'elseif', 'interface', 'exit', 'implements', 'private', 'final', 'if', 'fn', 'for', 'extends', 'from', 'as', 'case', 'implements', 'const', 'list', 'new', 'public', 'public', 'private', 'private', 'throw', 'public', 'extends', 'return', 'new', 'catch', 'new', 'throw', 'isset', 'const', 'const', 'for', 'for', 'finally']","['async', 'continue', 'break', 'finally', 'def', 'class', 'break', 'assert', 'def', 'del', 'del', 'elif', 'class', 'import', 'continue', 'False', 'except', 'if', 'class', 'for', 'finally', 'from', 'is', 'case', 'class', 'if', 'not', 'None', 'import', 'import', 'finally', 'import', 'if', 'class', 'del', 'return', 'return', 'raise', 'True', 'while', 'await', 'if', 'class', 'for', 'for', 'await']","['else', 'else', 'break', 'else', 'function', 'function', 'break', 'break', 'next', 'repeat', 'if', 'if', 'integer', 'function', 'else', 'FALSE', 'else', 'if', 'for', 'for', 'FALSE', 'for', 'if', 'integer', 'function', 'if', 'next', 'NULL', 'function', 'function', 'else', 'function', 'if', 'function', 'next', 'break', 'for', 'break', 'TRUE', 'while', 'NaN', 'function', 'function', 'for', 'for', 'break']","['yield', 'return', 'break', 'else', 'def', 'class', 'break', 'retry', 'def', 'do', 'redo', 'elsif', 'class', 'module', 'elsif', 'true', 'else', 'if', 'class', 'for', 'elsif', 'for', 'and', 'case', 'module', 'if', 'true', 'nil', 'module', 'false', 'elsif', 'class', 'if', 'class', 'self', 'return', 'true', 'return', 'false', 'retry', 'yield', 'if', 'class', 'when', 'for', 'return']","['async', 'continue', 'break', 'else', 'type', 'let', 'break', 'break', 'override', 'move', 'try', 'if', 'struct', 'extern', 'override', 'true', 'final', 'if', 'fn', 'for', 'impl', 'for', 'as', 'override', 'abstract', 'const', 'true', 'false', 'pub', 'priv', 'priv', 'pub', 'if', 'extern', 'crate', 'return', 'true', 'return', 'false', 'while', 'await', 'const', 'const', 'for', 'for', 'await']","['yield', 'return', 'catch', 'finally', 'def', 'var', 'throw', 'private', 'def', 'throw', 'try', 'if', 'class', 'import', 'override', 'true', 'final', 'forSome', 'class', 'for', 'extends', 'for', 'if', 'object', 'abstract', 'var', 'null', 'false', 'import', 'protected', 'private', 'private', 'throw', 'private', 'override', 'return', 'new', 'catch', 'false', 'throw', 'extends', 'val', 'null', 'for', 'for', 'finally']"
Kotlin (1.4,"['abstract' 'actual' 'annotation' 'as' 'break' 'by' 'catch' 'class'
 'companion' 'const' 'constructor' 'continue' 'crossinline' 'data'
 'delegate' 'do' 'dynamic' 'else' 'enum' 'expect' 'external' 'false'
 'field' 'file' 'final' 'finally' 'for' 'fun' 'get' 'if' 'import' 'in'
 'infix' 'init' 'inline' 'inner' 'interface' 'internal' 'is' 'it'
 'lateinit' 'noinline' 'null' 'object' 'open' 'operator' 'out' 'override'
 'package' 'param' 'private' 'property' 'protected' 'public' 'receiver'
 'reified' 'return' 'sealed' 'set' 'setparam' 'super' 'suspend' 'tailrec'
 'this' 'throw' 'true' 'try' 'typealias' 'typeof' 'val' 'var' 'vararg'
 'when' 'where' 'while']","['enum', 'volatile', 'volatile', 'if', 'continue', 'for', 'else', 'struct', 'for', 'void', 'continue', 'break', 'inline', 'do', 'restrict', 'if', 'static', 'if', 'struct', 'restrict', 'extern', 'Bool', 'case', 'for', 'static', 'else', 'if', 'struct', 'int', 'for', 'for', 'int', 'int', 'int', 'extern', 'inline', 'enum', 'extern', 'if', 'if', 'long', 'int', 'void', 'struct', 'int', 'inline', 'int', 'inline', 'static', 'return', 'static', 'typedef', 'static', 'static', 'restrict', 'if', 'if', 'signed', 'int', 'int', 'switch', 'continue', 'case', 'return', 'return', 'Bool', 'while', 'typedef', 'sizeof', 'char', 'const', 'const', 'while', 'while', 'for']","['interface', 'explicit', 'abstract', 'is', 'continue', 'from', 'finally', 'struct', 'get', 'var', 'operator', 'break', 'catch', 'value', 'sealed', 'try', 'static', 'if', 'struct', 'await', 'extern', 'true', 'value', 'string', 'finally', 'catch', 'if', 'interface', 'set', 'for', 'from', 'on', 'on', 'int', 'extern', 'internal', 'abstract', 'extern', 'in', 'in', 'long', 'sbyte', 'false', 'string', 'public', 'object', 'in', 'protected', 'public', 'params', 'public', 'object', 'private', 'private', 'sealed', 'ref', 'throw', 'protected', 'get', 'get', 'override', 'sealed', 'case', 'new', 'catch', 'false', 'throw', 'class', 'sizeof', 'value', 'const', 'const', 'where', 'when', 'when']","['virtual', 'explicit', 'volatile', 'asm', 'continue', 'for', 'throw', 'struct', 'not', 'void', 'operator', 'break', 'xor', 'new', 'mutable', 'try', 'static', 'if', 'struct', 'explicit', 'extern', 'true', 'friend', 'class', 'public', 'catch', 'if', 'struct', 'new', 'for', 'export', 'int', 'int', 'int', 'extern', 'inline', 'enum', 'extern', 'if', 'if', 'long', 't', 'false', 'class', 'public', 'explicit', 'int', 'protected', 'public', 'return', 'public', 'private', 'private', 'private', 'wchar', 'or', 'throw', 'protected', 'new', 'new', 'switch', 'wchar', 'template', 'new', 'catch', 'false', 'throw', 'typeid', 'sizeof', 'char', 'const', 'const', 'while', 'while', 'for']","['interface', 'default', 'interface', 'if', 'continue', 'for', 'else', 'type', 'for', 'var', 'continue', 'break', 'case', 'type', 'defer', 'go', 'default', 'if', 'struct', 'defer', 'defer', 'default', 'func', 'for', 'return', 'else', 'if', 'func', 'for', 'for', 'for', 'if', 'if', 'return', 'interface', 'interface', 'struct', 'interface', 'if', 'if', 'defer', 'if', 'default', 'interface', 'select', 'interface', 'for', 'default', 'import', 'return', 'import', 'interface', 'continue', 'import', 'range', 'if', 'if', 'interface', 'map', 'map', 'switch', 'defer', 'case', 'return', 'return', 'return', 'if', 'range', 'type', 'var', 'const', 'const', 'if', 'for', 'for']","['interface', 'final', 'opens', 'if', 'continue', 'with', 'finally', 'public', 'provides', 'var', 'implements', 'break', 'transient', 'new', 'sealed', 'to', 'static', 'if', 'interface', 'assert', 'extends', 'boolean', 'case', 'class', 'finally', 'final', 'if', 'interface', 'new', 'for', 'for', 'int', 'int', 'int', 'void', 'private', 'implements', 'private', 'if', 'if', 'long', 'synchronized', 'new', 'instanceof', 'opens', 'interface', 'to', 'protected', 'import', 'return', 'public', 'private', 'private', 'private', 'sealed', 'to', 'throw', 'protected', 'new', 'new', 'extends', 'sealed', 'case', 'new', 'throws', 'boolean', 'throw', 'class', 'void', 'var', 'const', 'const', 'while', 'while', 'for']","['interface', 'true', 'finally', 'in', 'continue', 'with', 'finally', 'function', 'in', 'var', 'implements', 'break', 'catch', 'new', 'delete', 'try', 'static', 'if', 'interface', 'await', 'extends', 'true', 'case', 'function', 'finally', 'catch', 'if', 'function', 'new', 'for', 'export', 'if', 'if', 'in', 'void', 'in', 'implements', 'private', 'in', 'in', 'finally', 'in', 'false', 'instanceof', 'public', 'function', 'in', 'protected', 'import', 'return', 'public', 'private', 'private', 'private', 'catch', 'in', 'throw', 'protected', 'new', 'new', 'extends', 'continue', 'case', 'new', 'catch', 'false', 'throw', 'class', 'await', 'var', 'const', 'const', 'while', 'while', 'for']","['interface', 'internal', 'abstract', 'is', 'continue', 'for', 'finally', 'typealias', 'get', 'var', 'operator', 'break', 'catch', 'typealias', 'sealed', 'try', 'internal', 'if', 'interface', 'actual', 'internal', 'true', 'file', 'field', 'finally', 'final', 'if', 'val', 'set', 'for', 'for', 'infix', 'infix', 'get', 'override', 'internal', 'abstract', 'external', 'in', 'in', 'tailrec', 'in', 'false', 'property', 'public', 'constructor', 'in', 'protected', 'import', 'property', 'public', 'param', 'private', 'private', 'sealed', 'in', 'throw', 'protected', 'setparam', 'setparam', 'override', 'sealed', 'lateinit', 'true', 'catch', 'false', 'throw', 'class', 'typealias', 'var', 'vararg', 'vararg', 'where', 'when', 'when']","['interface', 'final', 'compiler', 'or', 'continue', 'from', 'finally', 'function', 'for', 'var', 'implements', 'break', 'xor', 'new', 'callable', 'die', 'static', 'elseif', 'interface', 'require', 'extends', 'private', 'array', 'array', 'finally', 'final', 'if', 'fn', 'new', 'for', 'from', 'as', 'as', 'new', 'static', 'private', 'implements', 'private', 'as', 'if', 'once', 'new', 'new', 'array', 'public', 'function', 'enddeclare', 'protected', 'public', 'return', 'public', 'trait', 'private', 'private', 'callable', 'or', 'throw', 'trait', 'list', 'list', 'extends', 'halt', 'trait', 'new', 'catch', 'new', 'throw', 'class', 'isset', 'var', 'const', 'const', 'while', 'while', 'for']","['async', 'finally', 'finally', 'is', 'continue', 'from', 'finally', 'def', 'not', 'class', 'continue', 'break', 'pass', 'class', 'del', 'del', 'global', 'elif', 'class', 'except', 'global', 'False', 'case', 'class', 'finally', 'except', 'if', 'lambda', 'is', 'for', 'from', 'is', 'is', 'in', 'async', 'in', 'class', 'global', 'in', 'in', 'lambda', 'in', 'None', 'class', 'import', 'lambda', 'in', 'async', 'import', 'return', 'import', 'finally', 'finally', 'import', 'finally', 'in', 'if', 'finally', 'def', 'def', 'del', 'continue', 'case', 'return', 'raise', 'True', 'while', 'class', 'await', 'def', 'if', 'if', 'while', 'while', 'for']","['complex', 'real', 'integer', 'in', 'else', 'for', 'else', 'function', 'complex', 'function', 'function', 'break', 'complex', 'function', 'integer', 'if', 'complex', 'if', 'integer', 'next', 'integer', 'FALSE', 'function', 'function', 'real', 'else', 'if', 'function', 'for', 'for', 'for', 'if', 'if', 'in', 'else', 'in', 'function', 'integer', 'in', 'in', 'repeat', 'in', 'NULL', 'integer', 'next', 'function', 'in', 'else', 'function', 'function', 'function', 'character', 'else', 'function', 'repeat', 'in', 'if', 'FALSE', 'function', 'function', 'next', 'FALSE', 'next', 'for', 'break', 'TRUE', 'while', 'function', 'NaN', 'in', 'function', 'function', 'while', 'while', 'for']","['alias', 'true', 'alias', 'in', 'return', 'for', 'else', 'def', 'not', 'class', 'BEGIN', 'break', 'case', 'class', 'alias', 'redo', 'elsif', 'elsif', 'class', 'ensure', 'alias', 'true', 'FILE', 'FILE', 'return', 'else', 'if', 'def', 'for', 'for', 'for', 'and', 'and', 'in', 'LINE', 'in', 'module', 'when', 'in', 'in', 'redo', 'in', 'nil', 'class', 'begin', 'until', 'in', 'elsif', 'module', 'return', 'false', 'class', 'elsif', 'class', 'redo', 'rescue', 'if', 'elsif', 'self', 'self', 'self', 'elsif', 'redo', 'true', 'return', 'false', 'retry', 'class', 'yield', 'def', 'if', 'if', 'while', 'when', 'when']","['virtual', 'true', 'trait', 'in', 'continue', 'for', 'else', 'type', 'mod', 'let', 'override', 'break', 'break', 'type', 'abstract', 'try', 'dyn', 'if', 'struct', 'await', 'extern', 'true', 'box', 'for', 'static', 'final', 'if', 'fn', 'for', 'for', 'for', 'as', 'as', 'in', 'extern', 'in', 'abstract', 'extern', 'in', 'in', 'final', 'in', 'false', 'override', 'use', 'virtual', 'in', 'virtual', 'pub', 'return', 'priv', 'trait', 'priv', 'pub', 'yield', 'ref', 'if', 'trait', 'type', 'type', 'crate', 'continue', 'trait', 'true', 'return', 'false', 'while', 'typeof', 'await', 'const', 'const', 'const', 'where', 'while', 'for']","['protected', 'true', 'trait', 'if', 'return', 'with', 'finally', 'def', 'def', 'var', 'protected', 'throw', 'catch', 'new', 'sealed', 'try', 'implicit', 'if', 'class', 'yield', 'extends', 'true', 'case', 'class', 'finally', 'final', 'forSome', 'val', 'new', 'for', 'for', 'if', 'if', 'new', 'override', 'private', 'abstract', 'private', 'if', 'if', 'lazy', 'new', 'false', 'class', 'object', 'object', 'new', 'protected', 'import', 'return', 'protected', 'object', 'private', 'private', 'sealed', 'if', 'throw', 'trait', 'type', 'type', 'override', 'sealed', 'trait', 'new', 'catch', 'false', 'throw', 'class', 'extends', 'var', 'val', 'val', 'while', 'while', 'for']"
PHP (7.4,"['abstract' 'and' 'array' 'as' 'break' 'callable' 'case' 'catch' 'class'
 'clone' 'compiler' 'const' 'continue' 'declare' 'default' 'die' 'do'
 'echo' 'else' 'elseif' 'empty' 'enddeclare' 'endfor' 'endforeach' 'endif'
 'endswitch' 'endwhile' 'eval' 'exit' 'extends' 'final' 'finally' 'fn'
 'for' 'foreach' 'from' 'function' 'global' 'goto' 'halt' 'if'
 'implements' 'include' 'instanceof' 'insteadof' 'interface' 'isset'
 'list' 'namespace' 'new' 'once' 'or' 'print' 'private' 'protected'
 'public' 'require' 'return' 'static' 'switch' 'throw' 'trait' 'try'
 'unset' 'use' 'var' 'while' 'xor' 'yield']","['enum', 'for', 'float', 'if', 'continue', 'volatile', 'switch', 'else', 'struct', 'volatile', 'volatile', 'void', 'break', 'register', 'double', 'do', 'if', 'else', 'if', 'else', 'void', 'int', 'int', 'continue', 'else', 'else', 'int', 'enum', 'return', 'continue', 'static', 'else', 'for', 'if', 'for', 'for', 'const', 'static', 'continue', 'volatile', 'for', 'volatile', 'continue', 'case', 'while', 'enum', 'sizeof', 'long', 'typedef', 'default', 'signed', 'for', 'if', 'static', 'static', 'static', 'return', 'if', 'extern', 'return', 'return', 'enum', 'while', 'union', 'do', 'const', 'for', 'union', 'return']","['interface', 'for', 'string', 'is', 'continue', 'delegate', 'switch', 'finally', 'struct', 'join', 'decimal', 'var', 'break', 'readonly', 'new', 'do', 'try', 'foreach', 'if', 'else', 'null', 'int', 'int', 'foreach', 'else', 'equals', 'int', 'equals', 'return', 'equals', 'finally', 'catch', 'from', 'if', 'for', 'for', 'const', 'group', 'continue', 'yield', 'for', 'interface', 'continue', 'object', 'when', 'abstract', 'typeof', 'set', 'using', 'null', 'when', 'as', 'if', 'public', 'private', 'private', 'foreach', 'throw', 'dynamic', 'return', 'catch', 'sealed', 'throw', 'unmanaged', 'using', 'const', 'when', 'nameof', 'await']","['virtual', 'or', 'float', 'asm', 'continue', 'mutable', 'cast', 'throw', 'struct', 'mutable', 'reinterpret', 'void', 'break', 'export', 'new', 'do', 'try', 'else', 'if', 'else', 'void', 'and', 'and', 'continue', 'else', 'else', 'and', 'eq', 'export', 'protected', 'public', 'catch', 'for', 'if', 'for', 'for', 'const', 'public', 'continue', 'volatile', 'for', 'explicit', 'continue', 'case', 'while', 'enum', 'sizeof', 'new', 'using', 'this', 'signed', 'and', 'if', 'public', 'private', 'private', 'throw', 'throw', 'dynamic', 'return', 'catch', 'typename', 'throw', 'explicit', 'using', 'const', 'for', 'typeid', 'return']","['interface', 'for', 'map', 'if', 'continue', 'func', 'switch', 'else', 'type', 'continue', 'interface', 'var', 'break', 'interface', 'type', 'goto', 'go', 'else', 'if', 'else', 'default', 'else', 'else', 'continue', 'else', 'else', 'else', 'case', 'return', 'continue', 'return', 'else', 'func', 'if', 'for', 'for', 'func', 'default', 'go', 'continue', 'for', 'interface', 'continue', 'case', 'else', 'struct', 'select', 'map', 'package', 'default', 'continue', 'for', 'import', 'import', 'continue', 'import', 'import', 'if', 'const', 'return', 'return', 'interface', 'if', 'goto', 'import', 'const', 'for', 'goto', 'return']","['interface', 'with', 'var', 'if', 'continue', 'implements', 'switch', 'finally', 'public', 'extends', 'volatile', 'var', 'break', 'sealed', 'new', 'do', 'to', 'else', 'if', 'else', 'void', 'int', 'int', 'finally', 'else', 'extends', 'int', 'yield', 'return', 'implements', 'finally', 'final', 'for', 'if', 'for', 'for', 'const', 'public', 'continue', 'yield', 'for', 'extends', 'continue', 'case', 'implements', 'implements', 'implements', 'new', 'module', 'this', 'finally', 'for', 'import', 'public', 'private', 'private', 'requires', 'throw', 'public', 'return', 'throws', 'sealed', 'throw', 'goto', 'uses', 'const', 'for', 'throw', 'finally']","['interface', 'with', 'function', 'in', 'continue', 'implements', 'switch', 'finally', 'function', 'extends', 'implements', 'var', 'break', 'export', 'new', 'do', 'try', 'await', 'if', 'else', 'null', 'new', 'new', 'finally', 'else', 'extends', 'new', 'yield', 'export', 'implements', 'finally', 'catch', 'function', 'if', 'for', 'for', 'const', 'public', 'continue', 'yield', 'for', 'extends', 'continue', 'case', 'implements', 'implements', 'typeof', 'new', 'package', 'null', 'finally', 'for', 'import', 'public', 'private', 'private', 'import', 'throw', 'public', 'return', 'catch', 'interface', 'throw', 'delete', 'import', 'const', 'for', 'throw', 'await']","['interface', 'for', 'object', 'is', 'continue', 'delegate', 'catch', 'finally', 'typealias', 'delegate', 'constructor', 'var', 'break', 'delegate', 'null', 'do', 'try', 'else', 'if', 'else', 'null', 'out', 'out', 'finally', 'else', 'finally', 'out', 'val', 'return', 'override', 'finally', 'final', 'fun', 'if', 'for', 'for', 'fun', 'public', 'continue', 'suspend', 'for', 'interface', 'continue', 'object', 'when', 'abstract', 'typeof', 'set', 'package', 'null', 'when', 'as', 'import', 'public', 'private', 'private', 'expect', 'throw', 'dynamic', 'return', 'catch', 'sealed', 'throw', 'set', 'import', 'vararg', 'when', 'suspend', 'finally']","['interface', 'or', 'list', 'or', 'continue', 'implements', 'switch', 'finally', 'function', 'extends', 'callable', 'var', 'break', 'interface', 'new', 'do', 'die', 'print', 'elseif', 'else', 'isset', 'endfor', 'endfor', 'endif', 'elseif', 'enddeclare', 'endfor', 'echo', 'die', 'implements', 'finally', 'final', 'function', 'if', 'endforeach', 'for', 'fn', 'public', 'continue', 'yield', 'for', 'extends', 'require', 'case', 'implements', 'implements', 'unset', 'array', 'class', 'list', 'finally', 'and', 'echo', 'public', 'private', 'private', 'include', 'throw', 'public', 'return', 'catch', 'interface', 'throw', 'isset', 'require', 'const', 'for', 'elseif', 'finally']","['async', 'or', 'class', 'is', 'continue', 'lambda', 'break', 'finally', 'def', 'finally', 'global', 'class', 'break', 'continue', 'def', 'del', 'del', 'elif', 'elif', 'else', 'nonlocal', 'and', 'and', 'finally', 'elif', 'finally', 'and', 'yield', 'return', 'continue', 'finally', 'except', 'def', 'if', 'for', 'for', 'class', 'yield', 'continue', 'yield', 'for', 'finally', 'continue', 'case', 'while', 'class', 'is', 'class', 'class', 'not', 'finally', 'and', 'import', 'import', 'finally', 'import', 'import', 'if', 'class', 'return', 'raise', 'yield', 'while', 'del', 'import', 'if', 'for', 'or', 'await']","['complex', 'for', 'integer', 'in', 'else', 'function', 'break', 'else', 'function', 'repeat', 'integer', 'function', 'break', 'repeat', 'next', 'NULL', 'if', 'else', 'if', 'else', 'NULL', 'in', 'in', 'repeat', 'else', 'else', 'in', 'function', 'break', 'else', 'real', 'else', 'function', 'if', 'for', 'for', 'for', 'function', 'break', 'FALSE', 'for', 'FALSE', 'if', 'integer', 'while', 'function', 'TRUE', 'function', 'function', 'next', 'repeat', 'for', 'if', 'function', 'else', 'function', 'function', 'if', 'function', 'break', 'break', 'character', 'while', 'break', 'if', 'function', 'for', 'FALSE', 'break']","['alias', 'or', 'rescue', 'in', 'return', 'yield', 'break', 'else', 'def', 'redo', 'unless', 'class', 'break', 'defined', 'def', 'do', 'redo', 'else', 'elsif', 'elsif', 'undef', 'END', 'END', 'END', 'else', 'END', 'END', 'yield', 'return', 'elsif', 'return', 'else', 'def', 'if', 'for', 'for', 'class', 'module', 'break', 'yield', 'for', 'elsif', 'undef', 'case', 'until', 'module', 'defined', 'self', 'module', 'true', 'until', 'and', 'if', 'false', 'elsif', 'class', 'module', 'if', 'class', 'return', 'return', 'yield', 'retry', 'undef', 'do', 'if', 'when', 'redo', 'return']","['virtual', 'for', 'struct', 'in', 'continue', 'crate', 'break', 'else', 'type', 'crate', 'crate', 'let', 'break', 'abstract', 'override', 'dyn', 'try', 'await', 'if', 'else', 'false', 'in', 'in', 'continue', 'else', 'unsized', 'in', 'yield', 'return', 'override', 'static', 'final', 'pub', 'if', 'for', 'for', 'fn', 'static', 'continue', 'yield', 'for', 'impl', 'continue', 'override', 'while', 'abstract', 'typeof', 'type', 'enum', 'true', 'unsafe', 'as', 'if', 'priv', 'priv', 'pub', 'use', 'if', 'extern', 'return', 'return', 'crate', 'while', 'unsized', 'do', 'const', 'for', 'union', 'await']","['protected', 'with', 'object', 'if', 'return', 'trait', 'catch', 'finally', 'def', 'extends', 'implicit', 'var', 'throw', 'sealed', 'def', 'do', 'try', 'else', 'if', 'else', 'null', 'new', 'new', 'finally', 'else', 'extends', 'new', 'val', 'return', 'override', 'finally', 'final', 'trait', 'forSome', 'for', 'for', 'class', 'macro', 'return', 'yield', 'for', 'extends', 'override', 'object', 'while', 'abstract', 'implicit', 'type', 'package', 'null', 'finally', 'for', 'import', 'protected', 'private', 'private', 'import', 'throw', 'private', 'return', 'catch', 'sealed', 'throw', 'implicit', 'import', 'val', 'for', 'throw', 'finally']"
Python 3 (3.10,"['False' 'None' 'True' 'and' 'as' 'assert' 'async' 'await' 'break' 'case'
 'class' 'continue' 'def' 'del' 'elif' 'else' 'except' 'finally' 'for'
 'from' 'global' 'if' 'import' 'in' 'is' 'lambda' 'match' 'nonlocal' 'not'
 'or' 'pass' 'raise' 'return' 'try' 'while' 'with' 'yield']","['Bool', 'float', 'Bool', 'for', 'if', 'while', 'enum', 'sizeof', 'continue', 'switch', 'struct', 'break', 'default', 'do', 'else', 'if', 'else', 'else', 'if', 'for', 'static', 'for', 'for', 'int', 'if', 'sizeof', 'switch', 'do', 'for', 'for', 'return', 'continue', 'if', 'while', 'for', 'for', 'return']","['false', 'null', 'true', 'for', 'is', 'throw', 'await', 'async', 'continue', 'switch', 'struct', 'break', 'class', 'do', 'else', 'if', 'finally', 'catch', 'if', 'for', 'group', 'for', 'from', 'on', 'in', 'foreach', 'catch', 'notnull', 'for', 'as', 'return', 'throw', 'throw', 'throw', 'when', 'for', 'await']","['false', 'false', 'true', 'or', 'asm', 'throw', 'enum', 'sizeof', 'continue', 'cast', 'struct', 'break', 'class', 'delete', 'else', 'if', 'else', 'catch', 'if', 'for', 'public', 'for', 'export', 'int', 'if', 'typename', 'catch', 'not', 'for', 'and', 'cast', 'throw', 'throw', 'throw', 'for', 'for', 'return']","['default', 'default', 'continue', 'for', 'if', 'if', 'defer', 'defer', 'continue', 'switch', 'type', 'break', 'defer', 'go', 'else', 'if', 'else', 'else', 'if', 'for', 'default', 'for', 'for', 'if', 'if', 'func', 'switch', 'default', 'for', 'for', 'fallthrough', 'continue', 'if', 'if', 'for', 'for', 'return']","['boolean', 'float', 'boolean', 'with', 'if', 'throw', 'abstract', 'yield', 'continue', 'switch', 'public', 'break', 'class', 'do', 'else', 'if', 'finally', 'final', 'if', 'for', 'public', 'for', 'for', 'int', 'if', 'finally', 'catch', 'new', 'non', 'for', 'return', 'throw', 'throw', 'throw', 'for', 'for', 'finally']","['false', 'null', 'true', 'with', 'in', 'throw', 'await', 'yield', 'continue', 'switch', 'function', 'break', 'class', 'delete', 'else', 'if', 'finally', 'catch', 'if', 'for', 'public', 'for', 'export', 'if', 'in', 'finally', 'catch', 'new', 'with', 'for', 'return', 'throw', 'throw', 'throw', 'for', 'for', 'await']","['false', 'null', 'true', 'for', 'is', 'expect', 'abstract', 'expect', 'continue', 'catch', 'typealias', 'break', 'class', 'do', 'else', 'if', 'finally', 'final', 'if', 'for', 'public', 'for', 'for', 'infix', 'in', 'operator', 'catch', 'noinline', 'for', 'as', 'crossinline', 'throw', 'throw', 'throw', 'when', 'for', 'finally']","['default', 'default', 'continue', 'or', 'or', 'print', 'abstract', 'yield', 'continue', 'switch', 'function', 'break', 'class', 'do', 'else', 'elseif', 'finally', 'final', 'if', 'for', 'public', 'for', 'from', 'as', 'as', 'callable', 'catch', 'new', 'for', 'and', 'print', 'throw', 'throw', 'throw', 'for', 'for', 'finally']","['True', 'False', 'False', 'or', 'is', 'raise', 'await', 'async', 'continue', 'break', 'def', 'break', 'class', 'def', 'else', 'elif', 'finally', 'except', 'if', 'for', 'yield', 'for', 'from', 'is', 'in', 'False', 'pass', 'not', 'nonlocal', 'and', 'raise', 'continue', 'if', 'while', 'for', 'for', 'await']","['FALSE', 'NULL', 'TRUE', 'for', 'in', 'while', 'function', 'else', 'else', 'break', 'function', 'break', 'if', 'else', 'else', 'if', 'else', 'else', 'if', 'for', 'function', 'for', 'for', 'if', 'in', 'function', 'repeat', 'next', 'for', 'for', 'break', 'break', 'if', 'while', 'for', 'for', 'break']","['false', 'nil', 'true', 'or', 'in', 'ensure', 'def', 'yield', 'return', 'break', 'def', 'break', 'class', 'do', 'else', 'elsif', 'unless', 'else', 'if', 'for', 'module', 'for', 'for', 'and', 'in', 'yield', 'module', 'not', 'for', 'and', 'return', 'return', 'if', 'retry', 'when', 'for', 'return']","['false', 'false', 'true', 'for', 'in', 'while', 'await', 'async', 'continue', 'break', 'type', 'break', 'if', 'do', 'else', 'if', 'else', 'final', 'if', 'for', 'static', 'for', 'for', 'as', 'in', 'macro', 'move', 'do', 'for', 'as', 'pub', 'continue', 'if', 'while', 'for', 'for', 'await']","['false', 'null', 'true', 'with', 'if', 'throw', 'abstract', 'yield', 'return', 'catch', 'def', 'throw', 'class', 'do', 'else', 'if', 'finally', 'final', 'forSome', 'for', 'macro', 'for', 'for', 'if', 'if', 'lazy', 'catch', 'new', 'with', 'for', 'match', 'throw', 'throw', 'throw', 'for', 'for', 'finally']"
R (4.0,"['FALSE' 'Inf' 'NA' 'NULL' 'NaN' 'TRUE' 'break' 'character' 'complex'
 'else' 'for' 'function' 'if' 'in' 'integer' 'next' 'real' 'repeat'
 'while']","['Bool', 'Imaginary', 'Imaginary', 'sizeof', 'volatile', 'Bool', 'continue', 'char', 'Complex', 'if', 'if', 'const', 'for', 'int', 'unsigned', 'continue', 'double', 'continue', 'for']","['false', 'ascending', 'null', 'null', 'null', 'true', 'continue', 'char', 'abstract', 'if', 'if', 'const', 'for', 'on', 'decimal', 'new', 'true', 'continue', 'when']","['false', 'signed', 'namespace', 'false', 'false', 'true', 'continue', 'char', 'dynamic', 'if', 'if', 'const', 'for', 'int', 'unsigned', 'new', 'true', 'continue', 'for']","['goto', 'goto', 'go', 'default', 'chan', 'defer', 'continue', 'defer', 'defer', 'if', 'if', 'func', 'for', 'if', 'range', 'continue', 'range', 'continue', 'for']","['boolean', 'extends', 'throws', 'void', 'volatile', 'boolean', 'continue', 'char', 'requires', 'if', 'if', 'const', 'for', 'int', 'boolean', 'new', 'double', 'continue', 'for']","['false', 'extends', 'null', 'null', 'null', 'true', 'continue', 'function', 'finally', 'if', 'if', 'const', 'for', 'if', 'enum', 'new', 'true', 'continue', 'for']","['false', 'annotation', 'null', 'null', 'null', 'true', 'continue', 'property', 'abstract', 'if', 'if', 'fun', 'for', 'infix', 'internal', 'continue', 'actual', 'receiver', 'when']","['elseif', 'once', 'unset', 'empty', 'empty', 'isset', 'continue', 'trait', 'abstract', 'elseif', 'if', 'fn', 'for', 'as', 'array', 'new', 'final', 'continue', 'for']","['False', 'elif', 'None', 'None', 'None', 'True', 'continue', 'continue', 'async', 'elif', 'if', 'class', 'for', 'is', 'raise', 'not', 'True', 'continue', 'for']","['TRUE', 'NaN', 'NaN', 'FALSE', 'NA', 'FALSE', 'else', 'integer', 'real', 'if', 'if', 'for', 'for', 'if', 'character', 'NULL', 'complex', 'break', 'for']","['false', 'undef', 'nil', 'nil', 'undef', 'true', 'return', 'defined', 'undef', 'elsif', 'if', 'class', 'for', 'and', 'alias', 'not', 'true', 'retry', 'when']","['false', 'trait', 'unsafe', 'false', 'false', 'true', 'continue', 'trait', 'abstract', 'if', 'if', 'fn', 'for', 'as', 'virtual', 'continue', 'true', 'loop', 'for']","['false', 'trait', 'null', 'null', 'null', 'true', 'return', 'object', 'abstract', 'if', 'forSome', 'class', 'for', 'if', 'object', 'new', 'true', 'finally', 'for']"
Ruby (2.7,"['BEGIN' 'ENCODING' 'END' 'FILE' 'LINE' 'alias' 'and' 'begin' 'break'
 'case' 'class' 'def' 'defined' 'do' 'else' 'elsif' 'end' 'ensure' 'false'
 'for' 'if' 'in' 'module' 'next' 'nil' 'not' 'or' 'redo' 'rescue' 'retry'
 'return' 'self' 'super' 'then' 'true' 'undef' 'unless' 'until' 'when'
 'while' 'yield']","['continue', 'restrict', 'else', 'struct', 'inline', 'extern', 'for', 'continue', 'continue', 'switch', 'struct', 'default', 'typedef', 'if', 'if', 'else', 'int', 'continue', 'Bool', 'if', 'for', 'int', 'return', 'continue', 'void', 'for', 'for', 'do', 'int', 'continue', 'if', 'auto', 'switch', 'else', 'Bool', 'typedef', 'if', 'while', 'while', 'for', 'return']","['continue', 'sealed', 'finally', 'struct', 'break', 'abstract', 'for', 'continue', 'continue', 'switch', 'struct', 'class', 'checked', 'try', 'if', 'else', 'int', 'remove', 'true', 'if', 'for', 'on', 'namespace', 'new', 'null', 'for', 'as', 'do', 'ref', 'try', 'throw', 'this', 'override', 'when', 'false', 'unsafe', 'if', 'while', 'where', 'when', 'await']","['reinterpret', 'protected', 'and', 'struct', 'inline', 'friend', 'or', 'continue', 'continue', 'cast', 'struct', 'class', 'typedef', 'try', 'if', 'else', 'and', 'try', 'true', 'if', 'for', 'int', 'namespace', 'new', 'false', 'for', 'and', 'do', 'int', 'try', 'throw', 'this', 'switch', 'else', 'false', 'reinterpret', 'if', 'while', 'while', 'for', 'return']","['continue', 'chan', 'else', 'struct', 'break', 'interface', 'for', 'continue', 'continue', 'switch', 'type', 'defer', 'defer', 'go', 'if', 'else', 'else', 'continue', 'default', 'if', 'for', 'if', 'package', 'continue', 'defer', 'for', 'for', 'goto', 'if', 'continue', 'if', 'return', 'switch', 'else', 'return', 'defer', 'if', 'continue', 'if', 'for', 'return']","['continue', 'sealed', 'finally', 'float', 'break', 'abstract', 'with', 'continue', 'continue', 'switch', 'public', 'class', 'extends', 'to', 'if', 'else', 'int', 'assert', 'boolean', 'if', 'for', 'int', 'exports', 'new', 'non', 'non', 'for', 'do', 'int', 'try', 'throw', 'this', 'extends', 'finally', 'boolean', 'exports', 'if', 'while', 'while', 'for', 'finally']","['continue', 'protected', 'finally', 'finally', 'break', 'enum', 'with', 'continue', 'continue', 'switch', 'function', 'class', 'extends', 'try', 'if', 'else', 'new', 'finally', 'true', 'if', 'for', 'if', 'package', 'new', 'null', 'with', 'for', 'do', 'new', 'try', 'throw', 'this', 'extends', 'finally', 'false', 'null', 'if', 'while', 'while', 'for', 'await']","['suspend', 'sealed', 'constructor', 'file', 'inline', 'abstract', 'for', 'continue', 'continue', 'catch', 'typealias', 'class', 'while', 'try', 'if', 'else', 'out', 'expect', 'true', 'if', 'for', 'infix', 'package', 'continue', 'null', 'for', 'as', 'do', 'reified', 'try', 'throw', 'this', 'override', 'when', 'false', 'null', 'if', 'while', 'where', 'when', 'finally']","['enddeclare', 'endforeach', 'enddeclare', 'finally', 'break', 'abstract', 'or', 'enddeclare', 'continue', 'switch', 'function', 'class', 'declare', 'die', 'elseif', 'elseif', 'endfor', 'require', 'private', 'if', 'for', 'as', 'function', 'new', 'unset', 'for', 'and', 'do', 'enddeclare', 'try', 'throw', 'new', 'extends', 'finally', 'new', 'unset', 'if', 'while', 'while', 'for', 'finally']","['continue', 'finally', 'except', 'finally', 'break', 'except', 'or', 'continue', 'continue', 'break', 'def', 'class', 'def', 'del', 'elif', 'elif', 'and', 'raise', 'False', 'if', 'for', 'is', 'class', 'not', 'None', 'nonlocal', 'and', 'raise', 'is', 'try', 'if', 'None', 'del', 'finally', 'True', 'def', 'except', 'except', 'while', 'for', 'await']","['FALSE', 'NaN', 'else', 'NULL', 'FALSE', 'integer', 'for', 'break', 'else', 'break', 'function', 'if', 'while', 'if', 'if', 'else', 'in', 'else', 'FALSE', 'if', 'for', 'if', 'function', 'NULL', 'NULL', 'for', 'for', 'repeat', 'if', 'repeat', 'if', 'function', 'next', 'else', 'TRUE', 'NaN', 'if', 'while', 'while', 'for', 'break']","['begin', 'END', 'end', 'LINE', 'FILE', 'until', 'or', 'BEGIN', 'return', 'break', 'def', 'class', 'undef', 'redo', 'elsif', 'else', 'END', 'unless', 'true', 'if', 'for', 'and', 'class', 'not', 'false', 'for', 'and', 'retry', 'end', 'redo', 'if', 'super', 'self', 'when', 'false', 'defined', 'until', 'unless', 'while', 'when', 'return']","['continue', 'unsafe', 'else', 'struct', 'break', 'abstract', 'for', 'become', 'continue', 'break', 'type', 'if', 'while', 'try', 'if', 'else', 'in', 'unsafe', 'true', 'if', 'for', 'as', 'mod', 'continue', 'false', 'for', 'as', 'do', 'ref', 'try', 'if', 'Self', 'crate', 'else', 'false', 'unsized', 'if', 'while', 'where', 'for', 'await']","['sealed', 'sealed', 'finally', 'finally', 'sealed', 'abstract', 'with', 'private', 'return', 'catch', 'def', 'class', 'def', 'try', 'if', 'else', 'new', 'finally', 'true', 'forSome', 'for', 'if', 'package', 'new', 'null', 'with', 'for', 'do', 'val', 'try', 'throw', 'this', 'override', 'finally', 'false', 'def', 'if', 'while', 'while', 'for', 'finally']"
Rust (1.46,"['Self' 'abstract' 'as' 'async' 'await' 'become' 'box' 'break' 'const'
 'continue' 'crate' 'do' 'dyn' 'else' 'enum' 'extern' 'false' 'final' 'fn'
 'for' 'if' 'impl' 'in' 'let' 'loop' 'macro' 'match' 'mod' 'move' 'mut'
 'override' 'priv' 'pub' 'ref' 'return' 'self' 'static' 'struct' 'super'
 'trait' 'true' 'try' 'type' 'typeof' 'union' 'unsafe' 'unsized' 'use'
 'virtual' 'where' 'while' 'yield']","['auto', 'enum', 'if', 'enum', 'sizeof', 'break', 'case', 'continue', 'void', 'break', 'signed', 'if', 'static', 'if', 'struct', 'typedef', 'Bool', 'static', 'for', 'if', 'for', 'Imaginary', 'int', 'const', 'while', 'extern', 'switch', 'do', 'goto', 'volatile', 'inline', 'extern', 'extern', 'return', 'if', 'auto', 'extern', 'enum', 'switch', 'enum', 'Bool', 'while', 'typedef', 'sizeof', 'enum', 'volatile', 'unsigned', 'do', 'void', 'while', 'for', 'return']","['explicit', 'interface', 'is', 'await', 'async', 'into', 'byte', 'continue', 'var', 'break', 'sealed', 'try', 'dynamic', 'if', 'struct', 'internal', 'true', 'finally', 'from', 'if', 'for', 'implicit', 'on', 'const', 'lock', 'extern', 'catch', 'ref', 'remove', 'notnull', 'protected', 'private', 'public', 'set', 'throw', 'this', 'dynamic', 'enum', 'override', 'sealed', 'false', 'throw', 'class', 'sizeof', 'enum', 'unchecked', 'unmanaged', 'using', 'protected', 'when', 'when', 'await']","['auto', 'virtual', 'asm', 'enum', 'sizeof', 'break', 'case', 'continue', 'void', 'break', 'wchar', 'try', 'dynamic', 'if', 'struct', 'typedef', 'true', 'public', 'for', 'if', 'for', 'struct', 'int', 'const', 'while', 'extern', 'catch', 'not', 'delete', 'mutable', 'protected', 'private', 'public', 'not', 'throw', 'this', 'dynamic', 'enum', 'switch', 'typename', 'false', 'throw', 'typeid', 'sizeof', 'enum', 'volatile', 'unsigned', 'using', 'protected', 'while', 'for', 'return']","['defer', 'interface', 'if', 'defer', 'defer', 'break', 'case', 'continue', 'var', 'break', 'case', 'go', 'chan', 'if', 'struct', 'struct', 'default', 'return', 'func', 'if', 'for', 'interface', 'if', 'const', 'switch', 'struct', 'switch', 'map', 'goto', 'defer', 'default', 'switch', 'package', 'range', 'if', 'return', 'const', 'func', 'switch', 'interface', 'return', 'if', 'range', 'type', 'struct', 'goto', 'fallthrough', 'import', 'var', 'for', 'for', 'return']","['super', 'interface', 'if', 'abstract', 'yield', 'break', 'byte', 'continue', 'var', 'break', 'super', 'to', 'static', 'if', 'interface', 'static', 'boolean', 'finally', 'for', 'if', 'for', 'implements', 'int', 'const', 'while', 'record', 'catch', 'module', 'goto', 'sealed', 'protected', 'private', 'public', 'transient', 'throw', 'this', 'public', 'enum', 'extends', 'sealed', 'boolean', 'throw', 'class', 'void', 'enum', 'volatile', 'uses', 'uses', 'protected', 'while', 'for', 'finally']","['super', 'interface', 'in', 'await', 'yield', 'break', 'case', 'continue', 'var', 'break', 'super', 'try', 'static', 'if', 'interface', 'static', 'true', 'finally', 'function', 'if', 'for', 'implements', 'if', 'const', 'while', 'function', 'catch', 'do', 'delete', 'private', 'protected', 'private', 'public', 'new', 'throw', 'this', 'public', 'enum', 'extends', 'interface', 'false', 'throw', 'class', 'await', 'enum', 'protected', 'enum', 'import', 'protected', 'while', 'for', 'await']","['super', 'interface', 'is', 'abstract', 'expect', 'break', 'field', 'continue', 'var', 'break', 'super', 'try', 'dynamic', 'if', 'interface', 'external', 'true', 'finally', 'fun', 'if', 'for', 'internal', 'infix', 'const', 'while', 'abstract', 'catch', 'companion', 'do', 'sealed', 'protected', 'private', 'public', 'reified', 'throw', 'this', 'dynamic', 'enum', 'override', 'sealed', 'false', 'throw', 'class', 'typealias', 'enum', 'internal', 'suspend', 'import', 'protected', 'when', 'when', 'finally']","['trait', 'interface', 'or', 'abstract', 'yield', 'break', 'case', 'continue', 'var', 'break', 'trait', 'die', 'die', 'elseif', 'interface', 'static', 'private', 'finally', 'function', 'if', 'for', 'implements', 'as', 'const', 'foreach', 'trait', 'catch', 'do', 'goto', 'trait', 'protected', 'private', 'public', 'new', 'throw', 'new', 'public', 'class', 'extends', 'interface', 'new', 'throw', 'class', 'isset', 'unset', 'unset', 'unset', 'require', 'protected', 'while', 'for', 'finally']","['False', 'async', 'is', 'await', 'async', 'break', 'case', 'continue', 'class', 'break', 'await', 'del', 'del', 'elif', 'class', 'global', 'False', 'finally', 'def', 'if', 'for', 'elif', 'is', 'if', 'while', 'global', 'pass', 'not', 'match', 'not', 'async', 'elif', 'pass', 'def', 'if', 'None', 'class', 'class', 'del', 'yield', 'True', 'while', 'class', 'await', 'raise', 'async', 'nonlocal', 'import', 'global', 'while', 'for', 'await']","['FALSE', 'complex', 'in', 'function', 'else', 'break', 'break', 'else', 'function', 'break', 'repeat', 'if', 'FALSE', 'if', 'integer', 'while', 'FALSE', 'real', 'function', 'if', 'for', 'else', 'if', 'if', 'repeat', 'function', 'repeat', 'function', 'next', 'repeat', 'else', 'FALSE', 'NULL', 'real', 'if', 'function', 'function', 'function', 'next', 'character', 'TRUE', 'while', 'function', 'NaN', 'else', 'complex', 'character', 'if', 'real', 'while', 'for', 'break']","['self', 'alias', 'in', 'def', 'yield', 'begin', 'case', 'return', 'class', 'break', 'super', 'redo', 'elsif', 'elsif', 'class', 'alias', 'true', 'return', 'def', 'if', 'for', 'unless', 'and', 'if', 'retry', 'module', 'module', 'module', 'next', 'not', 'elsif', 'elsif', 'module', 'rescue', 'if', 'super', 'class', 'class', 'self', 'yield', 'false', 'retry', 'class', 'yield', 'elsif', 'undef', 'undef', 'do', 'elsif', 'when', 'when', 'return']","['self', 'virtual', 'in', 'await', 'async', 'break', 'loop', 'continue', 'let', 'break', 'super', 'try', 'static', 'if', 'struct', 'static', 'true', 'static', 'pub', 'if', 'for', 'trait', 'as', 'const', 'while', 'trait', 'move', 'pub', 'match', 'crate', 'virtual', 'pub', 'priv', 'mod', 'if', 'Self', 'extern', 'enum', 'crate', 'crate', 'false', 'while', 'typeof', 'await', 'enum', 'unsized', 'unsafe', 'do', 'abstract', 'while', 'for', 'await']","['super', 'protected', 'if', 'abstract', 'yield', 'yield', 'case', 'return', 'var', 'throw', 'super', 'try', 'lazy', 'if', 'class', 'extends', 'true', 'finally', 'trait', 'forSome', 'for', 'implicit', 'if', 'var', 'while', 'trait', 'catch', 'macro', 'match', 'trait', 'protected', 'private', 'private', 'def', 'throw', 'this', 'private', 'class', 'override', 'sealed', 'false', 'throw', 'class', 'extends', 'extends', 'override', 'sealed', 'import', 'protected', 'while', 'for', 'finally']"
Scala (2.13,"['abstract' 'case' 'catch' 'class' 'def' 'do' 'else' 'extends' 'false'
 'final' 'finally' 'for' 'forSome' 'if' 'implicit' 'import' 'lazy' 'macro'
 'match' 'new' 'null' 'object' 'override' 'package' 'private' 'protected'
 'return' 'sealed' 'super' 'this' 'throw' 'trait' 'true' 'try' 'type'
 'val' 'var' 'while' 'with' 'yield']","['enum', 'switch', 'else', 'struct', 'default', 'if', 'if', 'continue', 'Bool', 'static', 'else', 'if', 'if', 'for', 'inline', 'for', 'volatile', 'extern', 'switch', 'default', 'void', 'struct', 'inline', 'static', 'static', 'static', 'if', 'signed', 'switch', 'return', 'return', 'enum', 'Bool', 'while', 'typedef', 'char', 'const', 'for', 'for', 'return']","['interface', 'switch', 'finally', 'struct', 'class', 'try', 'if', 'equals', 'true', 'finally', 'catch', 'if', 'if', 'for', 'explicit', 'from', 'dynamic', 'extern', 'catch', 'null', 'false', 'string', 'protected', 'public', 'public', 'private', 'throw', 'protected', 'override', 'new', 'catch', 'sealed', 'false', 'throw', 'class', 'value', 'const', 'when', 'for', 'await']","['virtual', 'cast', 'throw', 'struct', 'class', 'try', 'if', 'protected', 'true', 'public', 'catch', 'if', 'if', 'for', 'explicit', 'export', 'mutable', 'extern', 'catch', 'this', 'false', 'class', 'protected', 'public', 'public', 'private', 'throw', 'protected', 'switch', 'new', 'catch', 'typename', 'false', 'throw', 'typeid', 'char', 'const', 'for', 'for', 'return']","['interface', 'switch', 'else', 'type', 'defer', 'go', 'if', 'continue', 'default', 'return', 'else', 'if', 'if', 'for', 'default', 'for', 'defer', 'struct', 'switch', 'default', 'default', 'interface', 'default', 'import', 'import', 'continue', 'if', 'interface', 'switch', 'return', 'return', 'interface', 'return', 'if', 'range', 'var', 'const', 'for', 'for', 'return']","['interface', 'switch', 'finally', 'public', 'class', 'to', 'if', 'implements', 'boolean', 'finally', 'final', 'if', 'if', 'for', 'abstract', 'for', 'yield', 'record', 'catch', 'this', 'new', 'instanceof', 'protected', 'import', 'public', 'private', 'throw', 'protected', 'extends', 'new', 'throws', 'sealed', 'boolean', 'throw', 'class', 'var', 'const', 'for', 'for', 'finally']","['interface', 'switch', 'finally', 'function', 'class', 'try', 'if', 'implements', 'true', 'finally', 'catch', 'if', 'if', 'for', 'yield', 'export', 'yield', 'function', 'catch', 'null', 'false', 'instanceof', 'protected', 'import', 'public', 'private', 'throw', 'protected', 'extends', 'new', 'catch', 'interface', 'false', 'throw', 'class', 'var', 'const', 'for', 'for', 'await']","['interface', 'catch', 'finally', 'typealias', 'class', 'try', 'if', 'override', 'true', 'finally', 'final', 'if', 'if', 'for', 'abstract', 'for', 'lateinit', 'abstract', 'catch', 'null', 'false', 'property', 'protected', 'import', 'public', 'private', 'throw', 'protected', 'override', 'true', 'catch', 'sealed', 'false', 'throw', 'class', 'var', 'vararg', 'when', 'for', 'finally']","['interface', 'switch', 'finally', 'function', 'class', 'die', 'elseif', 'implements', 'private', 'finally', 'final', 'if', 'if', 'for', 'abstract', 'from', 'yield', 'trait', 'catch', 'list', 'new', 'array', 'protected', 'public', 'public', 'private', 'throw', 'trait', 'extends', 'new', 'catch', 'interface', 'new', 'throw', 'class', 'var', 'const', 'for', 'for', 'finally']","['async', 'break', 'finally', 'def', 'class', 'del', 'elif', 'continue', 'False', 'finally', 'except', 'if', 'if', 'for', 'yield', 'from', 'yield', 'global', 'pass', 'not', 'None', 'class', 'async', 'import', 'import', 'finally', 'if', 'finally', 'del', 'return', 'raise', 'yield', 'True', 'while', 'class', 'def', 'if', 'for', 'for', 'await']","['complex', 'break', 'else', 'function', 'if', 'if', 'if', 'else', 'FALSE', 'real', 'else', 'if', 'if', 'for', 'integer', 'for', 'FALSE', 'function', 'repeat', 'next', 'NULL', 'integer', 'else', 'function', 'function', 'else', 'if', 'FALSE', 'next', 'for', 'break', 'character', 'TRUE', 'while', 'function', 'in', 'function', 'for', 'for', 'break']","['alias', 'break', 'else', 'def', 'class', 'redo', 'elsif', 'elsif', 'true', 'return', 'else', 'if', 'if', 'for', 'undef', 'for', 'yield', 'module', 'module', 'true', 'nil', 'class', 'elsif', 'module', 'false', 'elsif', 'if', 'elsif', 'self', 'true', 'return', 'yield', 'false', 'retry', 'class', 'def', 'if', 'when', 'for', 'return']","['virtual', 'break', 'else', 'type', 'if', 'try', 'if', 'override', 'true', 'static', 'final', 'if', 'if', 'for', 'impl', 'for', 'yield', 'trait', 'move', 'true', 'false', 'override', 'virtual', 'pub', 'priv', 'priv', 'if', 'trait', 'crate', 'true', 'return', 'crate', 'false', 'while', 'typeof', 'const', 'const', 'for', 'for', 'await']","['protected', 'catch', 'finally', 'def', 'class', 'try', 'if', 'override', 'true', 'finally', 'final', 'forSome', 'forSome', 'for', 'abstract', 'for', 'yield', 'trait', 'catch', 'null', 'false', 'class', 'protected', 'import', 'protected', 'private', 'throw', 'trait', 'override', 'new', 'catch', 'sealed', 'false', 'throw', 'class', 'var', 'val', 'for', 'for', 'finally']"
